year,month,PM25,PM25_clean,Ozone,PM25_Availability,PM25_WUstl,Time,U10,V10,WS,WD,SP,BLH,TCC,T2M,D2M,RH,SSR,TP,O3
1998,1,,,,,48.018234,01-01-1998 00:00,0.16697001,-1.5270219,1.537117,96.244446,1015.43384,315.49786,0.43266338,290.62,286.33142,75.92231,3.5396562,0.001632615,0.005515723
1998,2,,,,,43.61125,01-02-1998 00:00,0.58460957,-0.28510457,0.65177464,153.99557,1013.7643,432.49707,0.3264032,295.256,289.87756,71.54717,4.3129625,0.000345718,0.005502185
1998,3,,,,,26.234613,01-03-1998 00:00,0.87971544,0.18242162,0.89944357,191.64243,1011.0421,518.39636,0.2989172,297.77167,291.58734,68.46858,5.0304036,0.004833542,0.005625519
1998,4,,,,,13.143021,01-04-1998 00:00,0.41077572,2.0658236,2.108426,258.93488,1007.30994,537.0145,0.36584508,301.5705,297.11472,76.831436,5.2021008,0.003350824,0.005903244
1998,5,,,,,8.999002,01-05-1998 00:00,-0.21503073,2.3964663,2.4117455,275.32635,1002.86505,567.69116,0.6076274,303.31427,299.14392,78.40612,4.6185308,0.005103216,0.005880827
1998,6,,,,,8.560114,01-06-1998 00:00,-0.3720783,3.4199448,3.4420395,276.2348,999.1888,632.7014,0.8224085,304.14252,300.04663,78.87428,4.1547265,0.005504083,0.005803656
1998,7,,,,,9.552992,01-07-1998 00:00,0.14389634,2.6034517,2.6099365,266.9026,999.8147,540.6267,0.9277509,302.33456,299.6433,85.446686,3.5213685,0.009176906,0.005769636
1998,8,,,,,7.2954416,01-08-1998 00:00,0.16893077,2.3482285,2.356109,265.93307,1002.21674,465.5857,0.9761234,302.03296,299.57687,86.6122,3.2291799,0.009962566,0.005731946
1998,9,,,,,8.745727,01-09-1998 00:00,-0.8500833,1.4434762,1.6770413,300.5027,1004.8353,389.30536,0.81702834,301.5569,299.0385,86.24912,3.359923,0.009658117,0.005708755
1998,10,,,,,19.630484,01-10-1998 00:00,-0.4171701,0.41563958,0.5896038,315.10193,1007.3565,355.3994,0.45936424,301.22516,298.17908,83.550995,3.661598,0.002816887,0.005506334
1998,11,,,,,31.872078,01-11-1998 00:00,-0.13495111,-1.5962625,1.6022379,85.18301,1010.63635,362.68927,0.29262668,297.95605,293.8942,78.154465,3.519992,0.002186931,0.0051759
1998,12,,,,,62.21624,01-12-1998 00:00,0.6883829,-1.896133,2.0173368,109.95364,1014.3327,343.96982,0.08843613,292.85327,287.17712,69.74962,3.9836853,0,0.005149974
1999,1,,,,,61.71382,01-01-1999 00:00,0.58940864,-1.7767177,1.8723058,108.35675,1013.213,351.96002,0.116592914,291.43588,285.0174,66.16215,4.344761,3.65E-07,0.004980562
1999,2,,,,,52.80812,01-02-1999 00:00,0.5941439,-1.2438276,1.3790553,115.49379,1013.21606,409.20215,0.11937261,296.34393,288.77094,62.40663,4.919999,7.00E-07,0.005095465
1999,3,,,,,27.007406,01-03-1999 00:00,0.96200794,0.87459594,1.3023236,222.06833,1005.5284,634.68896,0.07301125,300.86743,292.00034,58.50102,5.621306,2.54E-05,0.005269205
1999,4,,,,,11.442878,01-04-1999 00:00,0.7253281,3.7293339,3.800465,259.03577,1003.41437,738.92004,0.15616047,303.61975,297.73383,70.84467,5.66189,0.00038925,0.005643335
1999,5,,,,,13.04302,01-05-1999 00:00,-0.006541669,2.5397034,2.5437326,270.31494,1000.77844,609.5315,0.5510984,302.5498,298.2122,77.52064,4.4530277,0.007584862,0.005875411
1999,6,,,,,11.735043,01-06-1999 00:00,-0.12779605,2.4010925,2.4066403,273.10114,999.33875,586.13574,0.78651816,302.37454,299.049,82.30579,3.9017181,0.006768003,0.005784246
1999,7,,,,,13.232621,01-07-1999 00:00,-0.26021475,1.9425249,1.966394,277.65414,997.9462,487.4254,0.9699283,301.7992,299.15082,85.61068,3.4106886,0.009504531,0.005794818
1999,8,,,,,11.771226,01-08-1999 00:00,-0.5221369,1.6969585,1.7802396,287.16992,1000.2301,467.62482,0.9674355,301.57404,299.02725,86.10579,3.412064,0.007742751,0.005842404
1999,9,,,,,11.288604,01-09-1999 00:00,-1.0941257,1.7713833,2.0853748,301.6825,1003.56274,415.6809,0.898352,300.91,298.70026,87.78543,3.1948693,0.010795247,0.005774585
1999,10,,,,,21.441025,01-10-1999 00:00,-0.60147965,-0.03309375,0.6038794,93.10426,1007.62946,403.79492,0.6214169,300.3449,297.46747,84.30132,3.5382862,0.004815053,0.005641713
1999,11,,,,,52.283047,01-11-1999 00:00,0.35210317,-1.2263546,1.2774354,105.950714,1012.164,388.73627,0.15820187,296.6539,290.76578,69.53464,4.1457148,0.000110766,0.005555026
1999,12,,,,,46.739315,01-12-1999 00:00,0.021582175,-1.7428994,1.7431647,90.69926,1014.575,422.31497,0.08294919,293.60416,287.19797,66.66767,3.8762481,0,0.005482629
2000,1,,,,,55.935184,01-01-2000 00:00,0.3575706,-1.0578327,1.1172235,108.71446,1013.48065,367.40527,0.06592983,292.21753,286.09094,67.60722,4.21941,0.000129422,0.005366646
2000,2,,,,,49.095585,01-02-2000 00:00,-0.0934,-0.3912356,0.4033609,76.352806,1012.0559,374.02533,0.4164437,294.1321,288.83432,71.71141,3.629176,0.002197454,0.005681304
2000,3,,,,,29.614101,01-03-2000 00:00,0.45360404,0.97721493,1.0776012,245.16919,1008.1367,652.3451,0.16181934,299.95764,291.7065,60.593548,5.543681,0.000113698,0.005670105
2000,4,,,,,14.154131,01-04-2000 00:00,0.5558714,3.7912483,3.8334782,261.7131,1003.89795,745.84045,0.2800433,302.58826,297.40118,73.68749,5.3297358,0.002469418,0.006033869
2000,5,,,,,14.65171,01-05-2000 00:00,0.04785341,2.4482002,2.4521499,269.0561,1001.70276,598.3224,0.58375776,303.03033,298.2397,75.52672,4.7387967,0.003923136,0.006041481
2000,6,,,,,14.993304,01-06-2000 00:00,-0.3802011,2.6204271,2.6496143,278.297,999.61755,576.83716,0.89075315,302.45795,299.2336,82.80913,3.9233718,0.007178186,0.005885237
2000,7,,,,,10.383048,01-07-2000 00:00,-0.11477226,2.0578012,2.0640082,273.25272,998.6131,499.5183,0.91904426,301.79172,298.88574,84.31212,3.620122,0.009087428,0.005854035
2000,8,,,,,12.495869,01-08-2000 00:00,-0.6092798,1.6444921,1.7547548,290.36566,1000.3743,503.9336,0.94708216,302.09927,299.14572,84.10732,3.7232475,0.006998871,0.005824865
2000,9,,,,,22.433334,01-09-2000 00:00,0.10954988,1.589962,1.5961587,266.14,1003.84937,438.59546,0.8240605,301.2662,298.51166,85.01925,3.3580952,0.010570835,0.005777648
2000,10,,,,,32.29373,01-10-2000 00:00,-0.026763123,-0.39995384,0.402046,86.23519,1006.95233,396.10022,0.48693168,300.597,297.04486,80.982254,3.9358828,0.005350539,0.005580897
2000,11,,,,,59.42849,01-11-2000 00:00,0.61696005,-0.4022609,0.73784596,146.90524,1011.80615,366.4386,0.20275939,297.1452,292.4336,74.94687,3.9952912,0.00017236,0.005269809
2000,12,,,,,80.56695,01-12-2000 00:00,0.6658583,-1.8650522,1.9811926,109.659996,1013.73486,372.791,0.046674415,292.1303,285.45477,65.19905,4.012473,0,0.005335646
2001,1,,,,,70.830765,01-01-2001 00:00,0.7263472,-1.4559333,1.6281989,116.494194,1013.0903,350.42877,0.13790941,290.49524,283.23474,62.359413,4.3577166,7.44E-06,0.005300409
2001,2,,,,,59.38091,01-02-2001 00:00,0.5304832,-0.09572542,0.544544,169.55563,1010.39526,429.05054,0.14261699,295.4254,288.49213,64.82136,4.7196765,0.000645785,0.00534657
2001,3,,,,,32.25,01-03-2001 00:00,1.0193954,0.7843765,1.2872252,217.48776,1008.84204,622.47437,0.23564148,299.54465,292.5224,65.33032,5.308617,0.001158458,0.005749439
2001,4,,,,,14.492592,01-04-2001 00:00,1.0797113,2.6288214,2.8422744,247.70898,1006.1387,686.1189,0.33533192,302.6648,296.1875,68.191154,5.527908,0.001102879,0.005883963
2001,5,,,,,13.581909,01-05-2001 00:00,-0.3930515,2.0079079,2.054061,281.43542,1001.23083,578.57935,0.5731228,302.67773,298.57135,78.61513,4.5748534,0.008002933,0.006131957
2001,6,,,,,10.695299,01-06-2001 00:00,-0.5546539,2.0737143,2.1528087,285.00754,997.9777,478.4323,0.9633038,301.30276,298.79355,86.27237,2.760044,0.012492724,0.005919742
2001,7,,,,,10.95171,01-07-2001 00:00,-0.73487437,2.147725,2.2772737,288.9293,998.49615,534.4745,0.9485419,301.65308,299.02618,85.70528,3.2212002,0.013281178,0.005885461
2001,8,,,,,12.109545,01-08-2001 00:00,-1.3218699,1.1941671,1.7840254,317.92697,1000.2219,454.01172,0.94286335,302.02466,299.25812,85.03615,3.5088928,0.006851617,0.005868518
2001,9,,,,,24.93262,01-09-2001 00:00,-0.3511045,1.3859916,1.4302436,284.24792,1004.4426,397.48804,0.78208166,301.7566,298.88043,84.457535,3.705252,0.008104526,0.005837847
2001,10,,,,,22.362108,01-10-2001 00:00,-0.49848527,-0.083744586,0.5057028,9.558211,1008.3452,348.58392,0.5774674,300.40616,297.54355,84.38274,3.438252,0.004746591,0.005576448
2001,11,,,,,49.62251,01-11-2001 00:00,-0.52249837,-0.7107216,0.8822684,53.697205,1012.8231,332.82233,0.37985164,297.59116,293.83948,79.61247,3.3549592,0.001156671,0.005305413
2001,12,,,,,78.631195,01-12-2001 00:00,0.36719114,-1.7782183,1.8159845,101.65849,1016.1434,351.17358,0.2409333,292.36945,286.6775,69.5853,3.9351761,4.94E-09,0.005097977
2002,1,,,,,67.120224,01-01-2002 00:00,0.029064532,-0.46014816,0.4613713,93.83791,1014.5493,383.4751,0.20828545,292.66385,287.13248,70.36923,3.9113944,0.00102695,0.005041182
2002,2,,,,,66.35513,01-02-2002 00:00,0.62386024,-0.99743557,1.1769841,121.97891,1014.60046,441.13666,0.14933205,295.3405,287.69373,61.887012,4.8636975,6.35E-05,0.005239267
2002,3,,,,,31.27621,01-03-2002 00:00,0.71998894,1.2062016,1.4050393,239.18304,1009.1376,660.76294,0.25376123,300.23804,292.69507,63.393127,5.285174,0.000603204,0.005656333
2002,4,,,,,13.423931,01-04-2002 00:00,0.09584403,3.3016253,3.3072405,268.42798,1005.6585,685.78265,0.34420204,302.2491,296.96765,73.21957,5.2240224,0.002350897,0.005765215
2002,5,,,,,14.796296,01-05-2002 00:00,-0.678907,1.9012175,2.033825,290.1314,1000.5578,599.3711,0.4375673,303.76315,298.35727,72.926254,4.7373633,0.006303627,0.006005769
2002,6,,,,,14.8430195,01-06-2002 00:00,-0.15391898,2.393179,2.4031262,273.80603,999.7754,515.48535,0.8891579,302.41876,299.45114,84.07207,3.3257947,0.015893538,0.005884436
2002,7,,,,,24.538033,01-07-2002 00:00,0.59575516,2.059723,2.1453257,253.87442,998.8313,488.02344,0.9571774,303.07977,299.7058,82.152664,3.783321,0.007737928,0.005749293
2002,8,,,,,14.745156,01-08-2002 00:00,-0.8582926,1.5487642,1.775304,298.9848,1000.2675,435.26154,0.9570411,301.65112,298.96948,85.42723,3.285272,0.008910947,0.005795487
2002,9,,,,,20.74188,01-09-2002 00:00,-0.9356914,1.2308273,1.5483309,307.28943,1004.79913,420.25537,0.8222208,301.27924,298.67297,85.77397,3.3748636,0.008393217,0.005693981
2002,10,,,,,39.777348,01-10-2002 00:00,-0.038357437,-0.38385314,0.38593084,84.20862,1009.3977,381.69373,0.4465984,300.20172,296.2027,78.77366,4.0861497,0.002160073,0.005642599
2002,11,,,,,49.5396,01-11-2002 00:00,0.19707572,-1.6320691,1.6440408,96.87645,1011.80457,383.431,0.39961255,296.46368,291.5459,73.87506,3.671946,0.003270667,0.005347578
2002,12,,,,,82.20057,01-12-2002 00:00,0.37128693,-1.3408632,1.3915477,105.48893,1014.1974,372.55548,0.14413297,293.0011,287.0318,68.46059,3.919795,5.03E-05,0.005173154
2003,1,,,,,84.80314,01-01-2003 00:00,0.25063503,-1.8584685,1.8755357,97.68355,1016.12146,334.10962,0.25734788,289.84186,284.1319,69.00327,4.1697097,5.15E-05,0.005344428
2003,2,,,,,56.356552,01-02-2003 00:00,0.4285928,-0.09748989,0.4512991,166.21246,1013.1985,472.8507,0.25293213,296.0312,290.43378,70.7039,4.3523793,0.000590714,0.005426807
2003,3,,,,,29.987038,01-03-2003 00:00,0.55359524,1.1131439,1.2440201,243.73853,1010.0122,569.05865,0.289506,298.75507,292.50552,68.38113,4.972107,0.001984735,0.005849888
2003,4,,,,,16.097578,01-04-2003 00:00,0.2812584,2.65938,2.6761792,264.08,1006.101,632.4055,0.40014923,303.05032,297.82468,73.5986,5.313442,0.003266171,0.005959398
2003,5,,,,,17.428349,01-05-2003 00:00,-0.21506411,2.89116,2.9018016,274.38748,1002.1455,791.8904,0.39492744,304.64178,297.85477,67.31372,5.2999973,0.000832163,0.006101526
2003,6,,,,,15.9529915,01-06-2003 00:00,0.53799605,2.884015,2.937056,259.61194,998.09314,623.8538,0.91379225,303.17093,299.0409,78.57638,3.7086864,0.010288607,0.006060975
2003,7,,,,,8.920655,01-07-2003 00:00,-1.0678854,2.12401,2.3797777,296.7112,1000.45795,500.25488,0.9250133,302.1776,299.32892,84.639565,3.401861,0.009566706,0.00584075
2003,8,,,,,11.085043,01-08-2003 00:00,-1.1474819,1.9135809,2.2340515,300.9488,1000.63416,479.16235,0.8634145,302.21002,299.27197,84.19651,3.6287336,0.007755663,0.005943203
2003,9,,,,,14.985755,01-09-2003 00:00,-0.8831406,1.7402182,1.9548705,296.90387,1003.62634,420.52966,0.88802534,301.67087,298.93756,85.16766,3.3849664,0.006502709,0.005698437
2003,10,,,,,31.289886,01-10-2003 00:00,-0.32561022,0.053359643,0.33187163,350.7404,1009.22095,346.052,0.6688553,300.38153,297.62653,84.926384,3.2983508,0.006532181,0.005511384
2003,11,,,,,63.71937,01-11-2003 00:00,0.7005328,-1.2357464,1.4211588,119.570816,1013.2835,393.66162,0.13218784,296.46234,291.038,71.55922,4.083297,0.000176158,0.005309622
2003,12,,,,,74.249,01-12-2003 00:00,0.34301406,-2.007585,2.0370462,99.709,1015.3819,346.01593,0.25815034,292.52997,287.03583,70.513176,3.5633934,0.001908029,0.005180009
2004,1,,,,,81.350426,01-01-2004 00:00,0.33830303,-1.1638975,1.2127868,106.292336,1014.48114,363.10733,0.1962089,291.52148,286.5458,72.74497,4.060938,6.82E-05,0.005223845
2004,2,,,,,65.39017,01-02-2004 00:00,0.5799002,-0.6385854,0.8654746,132.44687,1012.55505,517.28314,0.10912359,295.23883,287.25403,60.526802,4.6990943,4.40E-05,0.00524174
2004,3,,,,,31.586752,01-03-2004 00:00,0.62171453,1.6911993,1.8023567,249.86833,1008.09656,576.65216,0.18400538,300.62534,293.03497,63.297546,5.416903,0.000257982,0.005570028
2004,4,,,,,15.861253,01-04-2004 00:00,0.2846579,3.1322155,3.1504908,265.0242,1004.70667,654.49976,0.34937137,302.74323,297.4095,73.08837,5.2440925,0.00302402,0.005844121
2004,5,,,,,16.612535,01-05-2004 00:00,0.06137252,3.0363235,3.0381212,268.88858,1001.19965,784.37085,0.4319579,305.0371,298.10428,66.82348,5.2577786,0.002002478,0.005975029
2004,6,,,,,15.807122,01-06-2004 00:00,-0.21208292,2.2215776,2.2335486,275.50616,1000.02454,538.9083,0.8478184,302.80664,299.2475,81.22618,3.7354946,0.009961493,0.005928696
2004,7,,,,,12.97151,01-07-2004 00:00,-0.5000103,2.3354998,2.3904161,282.11517,1000.0249,534.70593,0.963729,302.11218,299.23288,84.47967,3.3764834,0.007449899,0.005845169
2004,8,,,,,18.258406,01-08-2004 00:00,-1.0261288,1.5626373,1.8753498,303.20505,999.1808,431.4342,0.9414504,301.79773,299.2977,86.365746,3.1202106,0.010573965,0.005822345
2004,9,,,,,14.878347,01-09-2004 00:00,-0.13773412,1.3928738,1.4081482,275.77768,1004.4238,423.36304,0.90901303,301.05515,298.59943,86.52366,3.3275254,0.009308632,0.005753674
2004,10,,,,,39.162823,01-10-2004 00:00,-0.28353548,-0.50754184,0.5814179,60.828022,1011.0392,408.15613,0.42113256,299.75125,295.81635,79.01766,3.891409,0.004148332,0.005741617
2004,11,,,,,76.46368,01-11-2004 00:00,0.41656077,-1.4602041,1.5185282,105.92524,1013.42487,457.3192,0.13290042,296.5332,289.88882,66.25996,4.1518183,5.91E-06,0.005609768
2004,12,,,,,80.44359,01-12-2004 00:00,0.21135557,-1.5170643,1.5318259,97.93207,1014.2686,435.2998,0.26779112,294.03687,287.94556,68.12844,3.5114553,1.22E-05,0.005387594
2005,1,,,,,90.06182,01-01-2005 00:00,0.13027048,-1.3766823,1.3831615,95.40073,1014.19666,351.99976,0.2642821,292.21487,286.8798,71.18602,3.8581467,0.000480039,0.005549891
2005,2,,,,,60.90456,01-02-2005 00:00,0.9616759,-0.20091075,0.9854653,168.24225,1012.3353,477.42322,0.18852544,296.75964,289.58975,64.12731,4.7863245,5.40E-05,0.005462254
2005,3,,,,,29.995726,01-03-2005 00:00,0.8950061,1.7654009,1.9798031,243.17056,1009.3188,579.8812,0.28324246,300.41412,294.49158,70.098175,5.115088,0.003009527,0.005851571
2005,4,,,,,20.124073,01-04-2005 00:00,0.6393718,2.5927649,2.6711185,256.17426,1007.7779,664.6776,0.31621838,302.86752,297.239,71.812416,5.6315346,0.001739859,0.006084836
2005,5,,,,,17.33718,01-05-2005 00:00,0.30847257,3.3002758,3.316824,264.7239,1002.88477,734.4464,0.32195836,303.902,298.6944,73.819016,5.2565565,0.002172501,0.006177353
2005,6,,,,,18.986752,01-06-2005 00:00,-0.31291914,3.0704975,3.0898178,275.90424,997.8185,724.93335,0.6883173,304.81897,299.70496,74.38294,4.5088954,0.006282453,0.005971812
2005,7,,,,,10.769658,01-07-2005 00:00,-0.9586544,1.982625,2.2052357,295.813,999.7656,522.6555,0.9062258,301.7755,299.22397,86.10072,3.3706007,0.010462347,0.005841296
2005,8,,,,,27.684189,01-08-2005 00:00,0.42881632,1.7171087,1.772246,256.07788,1000.0156,457.2282,0.94213873,302.32584,299.44025,84.470764,3.6323278,0.006322585,0.005749942
2005,9,,,,,19.426924,01-09-2005 00:00,-0.9554791,0.9348146,1.3373946,315.63745,1004.2273,457.5266,0.898112,301.88263,298.99457,84.41137,3.5771167,0.007625472,0.005701101
2005,10,,,,,30.42137,01-10-2005 00:00,-0.6196009,0.14995484,0.6407649,346.53592,1009.235,347.84222,0.6002024,299.98178,297.40976,85.82276,3.0713546,0.012002043,0.005516012
2005,11,,,,,86.15868,01-11-2005 00:00,0.66861796,-1.669342,1.7986903,111.83444,1012.21783,372.09863,0.25078452,295.7537,289.99933,69.951324,4.200961,2.53E-07,0.005316707
2005,12,,,,,91.999435,01-12-2005 00:00,0.34250873,-2.103752,2.13192,99.24974,1013.3767,336.9984,0.24526149,292.87994,286.55908,66.88851,3.7943666,0.000512479,0.005259582
2006,1,,,,,103.81012,01-01-2006 00:00,0.78424925,-1.5112958,1.7035167,117.41002,1013.8532,311.4148,0.21858966,291.9977,285.31177,65.12421,4.217803,1.79E-05,0.005337401
2006,2,,,,,73.69929,01-02-2006 00:00,0.99324685,0.45286387,1.0960743,204.2393,1011.04156,492.93994,0.08600372,297.86426,290.30927,62.8208,4.9125876,4.74E-06,0.005310792
2006,3,,,,,40.87607,01-03-2006 00:00,0.97056603,0.47161883,1.0807877,205.77084,1008.827,616.0792,0.21649352,300.53952,292.0418,59.797894,5.235633,0.000137724,0.005614822
2006,4,,,,,22.276495,01-04-2006 00:00,0.51144034,2.8195362,2.8669796,259.77948,1005.2862,696.6809,0.3009804,303.00098,297.12015,70.7538,5.4020944,0.000764482,0.006022238
2006,5,,,,,14.540457,01-05-2006 00:00,-0.1270194,2.353733,2.3609319,273.1893,1003.17645,575.5796,0.5160749,302.6677,298.3578,77.66579,4.5487847,0.009164523,0.006189552
2006,6,,,,,25.214815,01-06-2006 00:00,-0.2613172,2.0925665,2.1113682,277.17563,1000.53284,502.2182,0.8742212,302.73627,299.6513,83.52678,3.9760258,0.006279714,0.006052114
2006,7,,,,,17.416952,01-07-2006 00:00,-0.50544393,1.712553,1.793249,286.4585,998.1979,494.7845,0.92377245,302.09274,299.38202,85.324356,3.2233741,0.013201911,0.005978754
2006,8,,,,,15.16282,01-08-2006 00:00,-1.5481548,1.307004,2.0288575,319.8001,1000.0868,556.5652,0.9110042,301.58167,298.8427,85.13071,3.40384,0.007873166,0.005953888
2006,9,,,,,20.796011,01-09-2006 00:00,-0.8850503,1.506815,1.7501818,300.4671,1004.4029,477.78357,0.8002675,301.58282,298.94882,85.66237,3.7142606,0.007667381,0.005851741
2006,10,,,,,50.063675,01-10-2006 00:00,0.1451875,-0.42407864,0.44848192,108.92837,1010.27466,338.3979,0.43454176,300.82962,297.4118,81.66669,4.0986996,0.001563527,0.005742785
2006,11,,,,,75.40997,01-11-2006 00:00,0.4334249,-0.8143357,0.9228224,118.025116,1012.3759,390.86414,0.3812223,297.229,292.08887,72.98399,3.6207094,0.000437787,0.005554341
2006,12,,,,,95.48062,01-12-2006 00:00,0.5921343,-1.3956308,1.5163893,112.996376,1014.55945,394.86176,0.111405075,293.35464,287.213,67.770164,3.7895389,2.55E-06,0.00533937
2007,1,,,,,110.6396,01-01-2007 00:00,0.5414749,-1.2106905,1.3267608,114.10508,1015.39636,350.02185,0.18957901,291.60544,285.0098,65.42885,4.2375464,4.38E-05,0.005362229
2007,2,,,,,74.24658,01-02-2007 00:00,0.2599821,-0.025674164,0.2742971,171.45235,1012.8365,392.80957,0.31502855,295.2788,290.3729,73.72837,4.1011844,0.002836137,0.005676949
2007,3,,,,,45.57892,01-03-2007 00:00,1.0096903,0.5425001,1.1483397,208.12215,1009.822,594.86743,0.16310373,298.9527,291.55756,63.70243,5.367319,0.000292563,0.005674498
2007,4,,,,,15.882764,01-04-2007 00:00,0.6508396,3.1287546,3.1968298,258.3291,1006.3061,679.56616,0.25123793,302.5774,296.97272,71.86214,5.447687,0.003228415,0.006129652
2007,5,,,,,22.699003,01-05-2007 00:00,-0.10811794,1.6508589,1.6556423,273.7988,1002.45264,630.7584,0.4245078,303.96164,298.32642,71.96895,5.2566905,0.001717452,0.006163437
2007,6,,,,,15.6658125,01-06-2007 00:00,-0.48768663,3.046174,3.0881388,279.16406,999.33057,659.17676,0.8378892,303.24393,299.46027,80.20973,3.773175,0.008967359,0.005943517
2007,7,,,,,15.751425,01-07-2007 00:00,0.6934655,2.5514193,2.6476848,254.90878,999.05524,533.7743,0.9433354,301.91345,299.3643,86.126396,3.0172253,0.01883388,0.005763616
2007,8,,,,,16.675356,01-08-2007 00:00,-0.31357408,1.436903,1.4752148,282.29886,999.78094,476.70013,0.8771176,302.10547,299.23618,84.52889,3.508891,0.009350047,0.005828745
2007,9,,,,,21.181196,01-09-2007 00:00,-0.9357424,1.5523891,1.8146431,301.1322,1002.10754,456.839,0.9240637,301.5412,299.09332,86.60906,3.1068392,0.011634875,0.005710239
2007,10,,,,,53.429058,01-10-2007 00:00,0.13068897,-0.042519305,0.13869047,161.45914,1007.71136,360.984,0.53522223,300.36896,296.77612,80.75395,3.811511,0.004439168,0.00556337
2007,11,,,,,54.020226,01-11-2007 00:00,-0.1889342,-1.4419022,1.4556613,82.48935,1011.6051,352.86304,0.28831738,296.79733,292.68704,77.74981,3.637066,0.002599983,0.005503161
2007,12,,,,,119.81111,01-12-2007 00:00,0.13663292,-1.7004533,1.7065775,94.6052,1013.4043,339.03534,0.19821474,292.4076,286.55457,68.86628,3.840754,7.90E-06,0.005112049
2008,1,,,,,88.52137,01-01-2008 00:00,0.22636795,-1.1864016,1.2085149,100.80243,1012.9646,336.13477,0.19879162,292.1883,286.30334,68.67646,3.8774886,0.002511854,0.005215391
2008,2,,,,,90.69544,01-02-2008 00:00,0.19536829,-0.23352206,0.30539504,129.11797,1012.8631,360.4536,0.24571186,293.62827,287.9303,69.79856,4.4540997,0.00166865,0.005276737
2008,3,,,,,48.42336,01-03-2008 00:00,0.86607224,1.6466808,1.8608087,242.26114,1007.88617,556.7988,0.41524363,300.35492,294.7652,71.53687,5.03626,0.00055764,0.005632403
2008,4,,,,,26.854984,01-04-2008 00:00,0.8450856,2.5766096,2.7120013,251.85861,1005.1909,635.29944,0.29198492,302.53442,296.4921,69.99013,5.7294836,0.001156375,0.005819719
2008,5,,,,,21.830198,01-05-2008 00:00,-0.060869813,2.566945,2.5695043,271.45612,1001.2167,644.60254,0.3868047,303.55396,298.32837,73.67781,5.2390366,0.002828509,0.005979948
2008,6,,,,,22.899145,01-06-2008 00:00,-0.20417064,2.2593775,2.274325,275.23215,998.78613,521.751,0.89890486,301.89655,299.0036,84.38841,3.2001328,0.012956847,0.005955349
2008,7,,,,,28.674217,01-07-2008 00:00,-0.042439222,2.122591,2.1268263,271.24503,998.924,484.77527,0.9547498,301.6688,299.27783,86.91319,3.0899842,0.014229529,0.005863644
2008,8,,,,,23.067093,01-08-2008 00:00,-0.565434,2.2485542,2.3212268,284.16544,1000.43933,503.77832,0.91865194,301.85873,299.2176,85.65311,3.4239957,0.010627899,0.005834432
2008,9,,,,,23.853418,01-09-2008 00:00,-0.7855949,0.9380793,1.2252581,309.99432,1003.3225,425.51746,0.8452976,301.46466,298.8883,85.94432,3.4140916,0.007737208,0.005851834
2008,10,,,,,44.56681,01-10-2008 00:00,0.06141866,-0.7191059,0.7223123,94.80275,1008.7358,366.15564,0.36614203,300.17224,296.36798,79.70364,3.9175906,0.00547562,0.005696082
2008,11,,,,,88.93661,01-11-2008 00:00,-0.28355134,-1.2729635,1.3058794,77.383446,1011.69147,363.57855,0.2202962,296.81024,291.68713,72.988556,4.0877438,3.95E-06,0.005296845
2008,12,,,,,110.38334,01-12-2008 00:00,0.07674426,-1.0181637,1.02148,94.28386,1013.3165,393.19836,0.24156988,294.0051,289.3284,74.59344,3.5257876,2.30E-06,0.005270429
2009,1,,,,,122.308975,01-01-2009 00:00,0.23518401,-0.74728346,0.7840591,107.40424,1014.3273,349.8905,0.12818936,293.70142,288.72314,73.11774,4.02037,0.000219182,0.005350007
2009,2,,,,,81.3037,01-02-2009 00:00,0.37058526,-0.41901875,0.55993867,131.5715,1010.70166,427.3181,0.049859863,296.6725,288.81866,61.368282,4.9293575,8.42E-06,0.005345005
2009,3,,,,,49.43148,01-03-2009 00:00,0.7214668,1.0069942,1.2395824,234.33856,1008.5551,545.37036,0.3325417,300.63153,293.02496,63.227585,5.3953657,0.000382264,0.005776414
2009,4,,,,,25.74416,01-04-2009 00:00,0.7525083,2.580556,2.6882226,253.71411,1004.5344,804.2573,0.2032646,304.41864,295.99957,60.990734,5.6946263,0.000158212,0.005888339
2009,5,,,,,20.657408,01-05-2009 00:00,-0.25765234,2.6796017,2.6944132,275.61496,1001.87726,728.39996,0.42794228,303.1978,298.06473,74.02635,4.7883954,0.005996866,0.0060736
2009,6,,,,,28.727636,01-06-2009 00:00,-0.07445639,3.0392027,3.041491,271.43817,998.72314,642.6494,0.6623451,304.4411,299.6966,75.95997,4.7982,0.003080868,0.006031477
2009,7,,,,,17.637323,01-07-2009 00:00,-0.5971723,1.8562555,1.9550074,287.8139,997.96216,516.78625,0.9005799,302.1218,299.303,84.78476,3.400947,0.008391656,0.005854973
2009,8,,,,,38.97906,01-08-2009 00:00,0.20034182,2.038889,2.0501504,264.46017,1001.5377,485.52808,0.96588933,302.04507,299.3887,85.59425,3.2132576,0.011097992,0.005820039
2009,9,,,,,25.568804,01-09-2009 00:00,-1.0712929,1.2643299,1.6598792,310.226,1002.7523,457.31238,0.8176993,301.96964,299.26303,85.33276,3.4020512,0.009704132,0.005757798
2009,10,,,,,68.5698,01-10-2009 00:00,0.39344227,-0.4153096,0.57217354,133.43489,1007.9745,376.59467,0.39680034,299.95728,295.49756,76.56546,4.0143394,0.003889487,0.005626426
2009,11,,,,,90.74843,01-11-2009 00:00,0.44613343,-1.1695728,1.2520366,110.891846,1011.729,391.62262,0.32245415,297.4726,291.74567,70.39668,3.8756118,0.000569141,0.005445442
2009,12,,,,,118.144875,01-12-2009 00:00,0.25429434,-1.3271043,1.3514489,100.851944,1014.0707,382.14136,0.16073352,292.97833,286.78,67.44449,3.9134247,3.76E-06,0.005484555
2010,1,,,,,104.00527,01-01-2010 00:00,0.6104638,-1.9909453,2.083343,107.050064,1015.24225,352.81958,0.16778827,290.82925,284.78223,67.679665,4.2476096,3.65E-05,0.005519964
2010,2,,,,,88.44886,01-02-2010 00:00,0.6328738,-0.021310687,0.6401415,177.4802,1012.1111,470.26,0.3561247,296.37436,289.1364,63.76645,4.6364746,0.00041015,0.005768974
2010,3,,,,,46.11994,01-03-2010 00:00,0.8858706,2.0903854,2.2708058,247.05579,1007.9897,661.66785,0.1445561,302.37332,294.78607,63.68171,5.477823,0.000270367,0.005756038
2010,4,,,,,18.898575,01-04-2010 00:00,0.6319621,4.2079906,4.257522,261.53577,1004.6249,728.08594,0.31538856,304.58603,298.3437,69.53523,5.625253,0.00069194,0.005967849
2010,5,,,,,22.479773,01-05-2010 00:00,0.3128512,3.5570002,3.5724397,265.03247,1001.76263,729.3347,0.50301546,304.1031,298.82846,73.55695,4.89012,0.002860026,0.006062714
2010,6,,,,,20.278204,01-06-2010 00:00,0.21814376,3.3173857,3.3264713,266.2799,999.9894,618.2706,0.7844094,303.57092,299.86685,80.631714,4.015953,0.008487206,0.005996184
2010,7,,,,,12.777207,01-07-2010 00:00,-0.89941806,2.6203413,2.7723026,288.96613,1000.9435,569.6205,0.91817355,302.52643,299.4068,83.33162,3.838118,0.007965069,0.005904093
2010,8,,,,,13.378918,01-08-2010 00:00,-0.7419998,2.3865557,2.49991,287.2767,1002.3532,540.81934,0.9340905,302.53308,299.41174,83.32414,3.8206692,0.005718533,0.005817186
2010,9,,,,,25.55755,01-09-2010 00:00,-0.8099114,1.6642618,1.8524086,295.98605,1004.09814,441.26062,0.8494635,301.88138,299.103,84.96185,3.588433,0.007426672,0.005758191
2010,10,,,,,47.267094,01-10-2010 00:00,-0.43597448,-0.5045408,0.6668849,49.130997,1006.0845,350.6173,0.55375695,300.9606,297.5794,81.86248,3.4522798,0.004872007,0.005635015
2010,11,,,,,76.107124,01-11-2010 00:00,-0.045516312,-0.9600172,0.9616182,87.3908,1010.82166,381.30005,0.2936731,298.6234,293.50623,73.32792,3.572731,0.000262621,0.005535351
2010,12,,,,,103.3963,01-12-2010 00:00,0.38903558,-1.7398729,1.7831181,102.615974,1010.9795,332.68848,0.22413665,292.87634,286.6828,67.44922,3.5083058,0.000659554,0.005247022
2011,1,,,,,107.62265,01-01-2011 00:00,0.33616644,-1.1374693,1.1863449,106.506836,1012.7037,370.6355,0.103403956,291.54245,284.87915,65.12679,4.2499385,6.90E-06,0.005441531
2011,2,,,,,79.531906,01-02-2011 00:00,0.44476533,-0.88733995,0.99308103,116.66066,1011.317,469.67456,0.11445534,295.8115,287.38943,58.965202,4.714941,0.000231757,0.005497186
2011,3,,,,,32.240883,01-03-2011 00:00,0.79555523,1.7522688,1.9249117,245.59253,1008.30774,638.3308,0.18734318,300.26846,292.21448,61.40383,5.2959614,0.000439964,0.006157565
2011,4,,,,,26.55755,01-04-2011 00:00,0.5574472,1.9453068,2.024324,254.06815,1007.4936,655.9531,0.36516514,301.93353,295.5445,68.40842,5.350491,0.001984715,0.005981515
2011,5,,,,,33.16681,01-05-2011 00:00,-0.12568015,2.725337,2.7314005,272.77283,1002.4902,654.2667,0.4563368,303.3734,298.45938,75.02815,4.7687664,0.003386937,0.00597919
2011,6,,,,,30.011538,01-06-2011 00:00,-0.3029402,1.8090792,1.8493209,279.598,997.6593,567.65137,0.79876345,302.8612,299.3811,81.618706,3.4933496,0.018269904,0.005875736
2011,7,,,,,22.390314,01-07-2011 00:00,-0.18347532,2.3273258,2.3359764,274.54605,1000.0022,525.51587,0.8684884,302.32883,299.1664,83.09852,3.6549282,0.007589869,0.005758413
2011,8,,,,,17.374643,01-08-2011 00:00,-0.7945516,1.8776922,2.0431652,292.94406,1000.855,457.47205,0.94725984,301.49335,299.2101,87.45346,2.8402088,0.01660582,0.005729224
2011,9,,,,,29.184332,01-09-2011 00:00,-0.8639269,1.316823,1.5793464,303.2282,1001.636,440.5885,0.8094987,301.42004,299.05365,87.01725,2.9652019,0.011769373,0.005760393
2011,10,,,,,59.30698,01-10-2011 00:00,0.22538412,-0.34928185,0.41722262,122.93097,1008.3731,392.60864,0.33482218,301.03583,296.75647,77.57017,4.154348,0.001236134,0.005748656
2011,11,,,,,96.20883,01-11-2011 00:00,-0.05874014,-0.98142195,0.98404,86.654434,1011.8515,430.55444,0.1955407,296.98166,291.54694,71.60624,3.8978748,7.32E-05,0.005486853
2011,12,,,,,117.04416,01-12-2011 00:00,-0.12451458,-1.6806676,1.6855808,85.7648,1013.3382,362.17725,0.25278267,292.54523,287.65448,73.32898,3.6216054,2.72E-05,0.005439656
2012,1,,,,,92.22835,01-01-2012 00:00,0.09682399,-0.9562343,0.96146786,95.77908,1013.7251,321.23248,0.34123182,291.867,287.34912,75.00105,3.34114,0.001405387,0.005335638
2012,2,,,,,94.08019,01-02-2012 00:00,0.6347716,-0.59245616,0.86868536,136.88188,1010.7873,379.84045,0.084713876,295.30777,287.73956,62.19386,4.880188,0.000218113,0.00559621
2012,3,,,,,52.999718,01-03-2012 00:00,0.5792763,1.0338187,1.1859776,240.45792,1008.1576,644.61414,0.18785298,300.81454,292.92694,62.18914,5.4316454,0.000276111,0.005792489
2012,4,,,,,24.521225,01-04-2012 00:00,0.86468184,2.8506594,2.9793484,253.1662,1005.4127,722.48096,0.34370762,303.17175,296.93835,69.30828,5.4112787,0.003046003,0.006154264
2012,5,,,,,34.331337,01-05-2012 00:00,0.19795713,3.0306034,3.0386524,266.33563,1001.63293,737.013,0.38062912,304.62833,298.6748,70.7352,5.2915773,0.001778487,0.006248632
2012,6,,,,,25.253845,01-06-2012 00:00,0.35717124,3.3715343,3.3920364,263.9943,996.6653,668.5144,0.8017808,304.49567,299.5936,75.26067,4.254978,0.003721318,0.006044565
2012,7,,,,,27.418945,01-07-2012 00:00,-0.4356097,2.5650358,2.6076796,279.71954,998.00854,537.83765,0.9633551,302.2232,299.56226,85.58871,3.4004464,0.010490645,0.005885277
2012,8,,,,,25.164959,01-08-2012 00:00,-0.86250854,1.8286104,2.0254877,295.27435,1000.48346,487.1056,0.9172946,302.20496,299.5077,85.40339,3.4880111,0.007767063,0.005884993
2012,9,,,,,29.035328,01-09-2012 00:00,-0.9020526,1.4189749,1.6833304,302.49854,1003.964,438.6814,0.84692657,301.9975,299.24222,85.09001,3.5314722,0.008210868,0.005801074
2012,10,,,,,68.18048,01-10-2012 00:00,0.10680276,-0.50516737,0.5167463,101.87661,1009.6352,383.28528,0.42018276,299.92923,296.0028,79.08293,4.0561733,0.002651692,0.005629807
2012,11,,,,,99.83162,01-11-2012 00:00,0.039814766,-1.2249231,1.2256478,91.87781,1011.3836,330.64172,0.39359784,296.0122,291.3888,75.17653,3.3948324,0.002866349,0.00541094
2012,12,,,,,108.5641,01-12-2012 00:00,0.4026422,-1.1717997,1.2395949,108.98899,1013.0686,300.44666,0.2812013,291.62335,287.19836,75.41498,3.7362628,0.00031355,0.005061872
2013,1,,,,,109.53176,01-01-2013 00:00,-0.15160435,-1.2346015,1.2440224,83.00609,1014.8524,324.3291,0.20854163,290.80646,285.25537,69.92407,3.959003,9.68E-05,0.005105067
2013,2,,,,,76.990456,01-02-2013 00:00,0.23431307,-1.945117,1.9592879,96.865,1013.2328,393.85022,0.22479856,294.876,287.48996,62.836678,4.6790237,0.000294198,0.005244223
2013,3,,,,,47.792168,01-03-2013 00:00,0.8559619,0.5926744,1.0433085,214.40717,1009.5825,611.6367,0.19432521,300.49496,292.35693,61.134087,5.4875264,0.000251537,0.00559628
2013,4,,,,,27.413675,01-04-2013 00:00,0.8440839,2.275632,2.4280963,249.71706,1005.6809,678.9315,0.25197542,303.01093,295.852,65.492874,5.4897733,0.001493555,0.005976568
2013,5,,,,,26.36638,01-05-2013 00:00,-0.46314615,2.9631634,3.0072165,279.14688,1000.895,744.3954,0.6799913,303.28812,298.71533,76.55149,3.9720716,0.002697089,0.005961285
2013,6,,,,,19.953276,01-06-2013 00:00,-0.7606879,2.1087809,2.244034,289.86487,999.12067,570.6335,0.8515653,302.9132,299.44806,81.69129,3.7524936,0.007674998,0.005990104
2013,7,,,,,18.106411,01-07-2013 00:00,-1.356863,2.2182217,2.604336,301.44177,997.96924,577.3842,0.93487537,302.40186,299.4557,84.177315,3.5948722,0.007045902,0.005931208
2013,8,,,,,23.395016,01-08-2013 00:00,-0.7174475,1.8024502,1.9447567,291.73218,1000.847,454.5393,0.90691566,301.96698,299.3014,85.539635,3.4987173,0.011369899,0.005978901
2013,9,,,,,36.782192,01-09-2013 00:00,-0.61838746,0.86411536,1.0642607,305.6059,1003.65894,374.73517,0.8011302,301.74463,299.2182,86.226006,3.4230158,0.009611871,0.005831895
2013,10,,,,,38.798717,01-10-2013 00:00,-0.92862016,0.42344266,1.0206921,335.4994,1008.8667,369.0135,0.69359523,299.82986,297.4229,86.6627,2.8096476,0.012387738,0.005723068
2013,11,,,,,106.445015,01-11-2013 00:00,0.31891125,-1.9306402,1.9571047,99.38718,1012.5592,356.75616,0.24492443,296.23746,290.43677,69.8396,4.154563,2.60E-06,0.005594146
2013,12,,,,,119.05869,01-12-2013 00:00,0.2898758,-1.3128164,1.3445112,102.4473,1013.72284,384.3197,0.2103002,292.91766,287.43295,70.63252,3.8150728,1.51E-05,0.005432179
2014,1,,,,,107.872086,01-01-2014 00:00,0.014983304,-1.9352651,1.9357073,90.43967,1016.2392,346.45532,0.16206884,291.01508,286.0031,72.487465,4.0939746,1.18E-05,0.005377727
2014,2,,,,,97.59259,01-02-2014 00:00,0.1318177,-0.9904437,0.99991596,97.60834,1012.31885,405.9402,0.18713117,294.27045,288.20978,68.30914,4.52548,0.001459734,0.005611054
2014,3,,,,,60.508263,01-03-2014 00:00,0.51243,-0.3178109,0.6088816,148.29124,1011.09125,579.9077,0.26435062,299.76373,291.6928,61.23157,5.291108,0.000730693,0.005780083
2014,4,,,,,34.674217,01-04-2014 00:00,0.44298142,1.4209576,1.4889095,252.80008,1006.7501,721.6963,0.23447323,304.45273,295.97546,60.76011,5.7408323,0.00050572,0.006006918
2014,5,,,,,19.919657,01-05-2014 00:00,0.3971421,3.0903206,3.11607,262.706,1003.8269,828.4109,0.45905524,304.62207,297.77173,67.062546,5.042386,0.003127276,0.006191975
2014,6,,,,,34.82222,01-06-2014 00:00,0.29058915,2.6523485,2.6693313,263.79462,998.33887,544.69415,0.73784506,303.3587,300.01154,82.316414,3.8509462,0.011419347,0.006148573
2014,7,,,,,28.38433,01-07-2014 00:00,-0.8006096,1.4864464,1.6958863,298.18723,998.2614,489.00146,0.91818094,302.31357,299.73254,86.002106,3.2967184,0.009458341,0.005947377
2014,8,,,,,27.89231,01-08-2014 00:00,-0.02275318,1.9764538,1.9809749,270.76993,1001.2296,494.78284,0.93442976,302.24136,299.5736,85.55584,3.4494784,0.011298105,0.005831682
2014,9,,,,,28.996296,01-09-2014 00:00,-0.6657543,1.3919897,1.5441445,295.62122,1004.2251,460.12366,0.62450534,302.0596,299.22064,84.675735,3.8935554,0.005857906,0.00584308
2014,10,,,,,62.045017,01-10-2014 00:00,-0.19904065,-0.46828032,0.508887,66.94588,1010.4177,386.22852,0.40698105,300.45078,296.6919,79.95961,3.9507818,0.001952657,0.005809899
2014,11,,,,,133.2339,01-11-2014 00:00,0.39696562,-1.4298959,1.4845914,105.497185,1011.8292,418.1595,0.31167597,296.59305,290.41895,68.27672,4.0741405,9.99E-07,0.005560371
2014,12,,,,,127.39815,01-12-2014 00:00,0.14651483,-1.8203449,1.826511,94.60707,1014.4669,347.1366,0.3882028,292.0399,287.49,74.87851,3.6101747,0.000130374,0.005589054
2015,1,,,,,88.19231,01-01-2015 00:00,0.09098759,-1.667067,1.6698588,93.12456,1015.3016,358.1358,0.23428616,291.73932,287.44574,76.07764,3.6995387,0.000839082,0.005606454
2015,2,,,,,80.62265,01-02-2015 00:00,0.061107457,0.23793685,0.25056183,258.66818,1013.326,448.45142,0.38198918,296.11377,290.53265,70.793945,4.5043874,0.000666447,0.005679078
2015,3,,,,,46.411823,01-03-2015 00:00,0.25260347,0.15951161,0.30609798,209.41994,1011.9682,587.3069,0.23583877,299.96564,292.1716,62.348236,5.2801137,0.001625509,0.005977496
2015,4,,,,,29.33775,01-04-2015 00:00,0.30401385,2.194642,2.2181735,262.2741,1007.63696,558.9612,0.4687754,301.68643,297.3308,77.31037,4.7156234,0.006163489,0.00616456
2015,5,,,,,26.280626,01-05-2015 00:00,0.19890863,3.3474913,3.3548028,266.6534,1003.67444,722.4286,0.51976293,304.57812,299.37122,73.929886,5.0316753,0.000821303,0.00630596
2015,6,,,,,16.287607,01-06-2015 00:00,0.050985955,2.8385077,2.8400338,269.0022,1000.2517,678.97437,0.7870999,303.29318,299.43317,79.856575,3.6436396,0.008804068,0.006250446
2015,7,,,,,36.869087,01-07-2015 00:00,0.45121503,0.75966144,0.8880131,240.03726,998.9309,459.1355,0.9398531,301.73138,299.5182,87.83732,2.5696783,0.025804564,0.006067116
2015,8,,,,,26.946154,01-08-2015 00:00,-0.19299734,2.123578,2.1338105,275.2403,1001.7664,526.67114,0.9405531,302.6973,299.789,84.396194,3.551237,0.008737531,0.006014878
2015,9,,,,,42.94615,01-09-2015 00:00,-0.16561413,1.0201931,1.0336883,279.26703,1004.762,424.20544,0.76516795,302.7325,299.5841,83.21307,3.6475646,0.00586262,0.005930536
2015,10,,,,,72.411964,01-10-2015 00:00,-0.30062026,-0.18939257,0.3563895,32.716396,1010.12103,386.89795,0.42134672,301.1884,297.28424,79.3625,4.0033445,0.001404594,0.005968647
2015,11,,,,,104.21068,01-11-2015 00:00,-0.23980147,-0.82755965,0.86236876,73.93118,1012.626,438.99945,0.3431006,298.04385,292.85748,72.91561,3.7360632,6.17E-05,0.005608485
2015,12,,,,,125.92607,01-12-2015 00:00,-0.055610478,-0.87109673,0.8729783,86.39596,1014.9877,341.0479,0.39919412,293.8896,289.11423,74.105835,3.116123,0.000727429,0.005634056
2016,1,,,,,124.95982,01-01-2016 00:00,-0.15248936,-0.8993057,0.9122093,80.32713,1015.03394,382.20386,0.3041361,292.29303,287.51602,73.825806,3.8430195,0.000537501,0.005624681
2016,2,,,,,103.433334,01-02-2016 00:00,0.20780343,0.2676276,0.34627584,229.03185,1013.4749,438.38904,0.38931715,297.80206,292.91516,74.24716,4.0862947,0.0034409,0.005657464
2016,3,,,,,53.334045,01-03-2016 00:00,0.60909915,1.1817961,1.3311037,242.7311,1010.4623,528.5237,0.439048,301.06982,295.64816,72.397995,5.1116886,0.000882568,0.005775678
2016,4,,,,,25.816238,01-04-2016 00:00,0.59512734,3.3122988,3.3656685,259.8529,1004.28467,703.229,0.29532403,305.28125,298.1572,66.12757,5.5514812,0.0006198,0.005960204
2016,5,,,,,28.680058,01-05-2016 00:00,-0.14228708,2.2325325,2.2401748,273.82425,1003.1772,611.2417,0.46381876,303.48303,298.8001,76.08033,4.827822,0.006835144,0.006065382
2016,6,,,,,22.373932,01-06-2016 00:00,-0.91663325,2.0658426,2.261527,293.93604,1001.6813,542.0022,0.8107938,303.4626,299.6845,80.26426,4.197735,0.005528074,0.00601296
2016,7,,,,,22.124216,01-07-2016 00:00,-0.23133826,2.5979443,2.6114953,275.12604,1000.5518,511.9632,0.97388035,302.16537,299.70944,86.62541,3.036884,0.010090228,0.005911319
2016,8,,,,,26.350855,01-08-2016 00:00,-0.6909198,1.4285536,1.5946789,295.68823,999.7294,467.02686,0.88120764,302.2203,299.6256,85.92387,3.189518,0.014016882,0.005922558
2016,9,,,,,18.780912,01-09-2016 00:00,-0.56225616,1.4568024,1.5623832,291.12128,1003.6601,399.1543,0.9050711,302.14502,299.6181,86.2611,3.303843,0.007835891,0.005743688
2016,10,,,,,60.66581,01-10-2016 00:00,-0.17415679,-0.65458715,0.67754847,75.07615,1006.89307,362.18347,0.55501163,301.12976,297.4856,80.60283,3.8557792,0.003134513,0.005691194
2016,11,,,,,145.46196,01-11-2016 00:00,0.52738565,-1.1541004,1.2690239,114.54027,1011.5051,381.20895,0.29326266,296.59027,291.86664,74.79994,3.6424565,0.001094503,0.005396581
2016,12,,,,,134.46481,01-12-2016 00:00,0.28991735,-1.7631521,1.7868398,99.33618,1013.43164,386.47147,0.19106853,293.4896,288.68103,73.88192,3.6970336,4.02E-06,0.005197446
2017,1,,,,,123.218094,01-01-2017 00:00,0.20429021,-1.8916111,1.9027675,96.16063,1014.68384,359.4762,0.10763812,292.27878,286.4224,68.82637,4.0956535,1.89E-05,0.005406874
2017,2,,,,,117.34146,01-02-2017 00:00,0.30634946,-0.23468798,0.39878005,143.73212,1013.21716,500.98145,0.10885292,296.4491,289.4911,64.93295,4.7275844,2.58E-05,0.005499786
2017,3,,,,,42.59487,01-03-2017 00:00,0.07244319,1.5679836,1.5733289,267.65778,1008.9989,560.56323,0.2976941,299.5447,294.05054,71.82735,4.8170147,0.002673025,0.005884542
2017,4,,,,,25.186039,01-04-2017 00:00,0.35901362,3.8682423,3.8865638,264.7419,1005.5488,749.4326,0.41977227,303.16748,297.91797,73.52309,5.0414124,0.001550982,0.006102633
2017,5,,,,,24.420086,01-05-2017 00:00,0.12400563,2.642146,2.646676,267.40906,1003.8204,728.6343,0.5029827,304.30267,298.8288,72.72291,4.8908052,0.001896199,0.00608578
2017,6,,,,,31.137894,01-06-2017 00:00,-0.4457031,2.0346184,2.0877054,282.47922,999.6649,572.2951,0.8711003,303.6292,299.6745,79.45532,3.817902,0.009057332,0.00605351
2017,7,,,,,27.584187,01-07-2017 00:00,-0.29233742,1.9342175,1.961067,278.60693,999.64746,464.8822,0.94002116,302.01752,299.71933,87.42165,3.0462213,0.017728679,0.005922646
2017,8,,,,,22.955698,01-08-2017 00:00,-0.4154805,1.7534838,1.8038421,283.37283,1001.5037,461.16956,0.9391407,302.56512,299.89307,85.56589,3.3987525,0.010542389,0.005846441
2017,9,,,,,30.762821,01-09-2017 00:00,0.035604477,1.5394573,1.5408213,268.75745,1004.5823,411.8512,0.82203543,302.7699,299.9698,84.94357,3.5758634,0.008338466,0.005766478
2017,10,,,,,36.740883,01-10-2017 00:00,-0.44611377,0.61641455,0.76758206,305.66306,1006.9669,399.57373,0.53612715,300.99182,298.29852,85.302246,3.433434,0.007468231,0.005715173
2017,11,,,,,91.268234,01-11-2017 00:00,0.26301122,-1.769618,1.7891513,98.463974,1011.7598,330.61017,0.24281329,296.50195,291.9092,75.400215,3.7412536,0.001820638,0.005631579
2017,12,,,,,154.3161,01-12-2017 00:00,0.28429925,-1.7863822,1.8089023,99.04767,1014.0522,311.24786,0.37649953,293.3686,289.48376,78.35488,3.3920891,0.002087307,0.00543178
2018,1,,,,,109.204704,01-01-2018 00:00,0.35511816,-1.676194,1.7136277,101.95599,1012.8976,369.7788,0.054013878,290.57803,284.70996,68.43471,4.2982845,0,0.005657645
2018,2,,,,,110.28006,01-02-2018 00:00,0.5225376,-0.1920147,0.5767919,159.76012,1012.63477,474.21362,0.33841354,296.8793,289.5935,63.683952,4.6885576,0.000200112,0.005784133
2018,3,,,,,60.36168,01-03-2018 00:00,0.56323797,1.1026711,1.2383304,242.86981,1008.9366,646.06104,0.24484146,300.99274,293.576,64.052666,5.2529674,0.000533673,0.005997774
2018,4,,,,,30.672365,01-04-2018 00:00,0.29116464,2.4202127,2.4401026,263.29932,1007.1103,664.1836,0.45946693,301.94763,296.53018,72.56273,4.918039,0.003242291,0.006157789
2018,5,,,,,28.115812,01-05-2018 00:00,0.10118717,3.0633354,3.0701544,268.28723,1004.3261,645.656,0.50776327,302.75143,298.58185,78.32827,4.350891,0.006371405,0.006292769
2018,6,,,,,29.23319,01-06-2018 00:00,0.10469979,2.1068087,2.112328,267.26715,999.1713,494.1941,0.78142315,303.35287,299.69623,80.828125,4.0661907,0.009693816,0.006151263
2018,7,,,,,29.235897,01-07-2018 00:00,-0.92592907,1.8727598,2.0940993,296.31903,997.63165,515.3739,0.95531285,302.44168,299.91602,86.29549,3.2482865,0.012623053,0.00601948
2018,8,,,,,21.851852,01-08-2018 00:00,-1.3147087,1.4672489,1.9721804,311.87006,998.7898,485.95227,0.9323089,302.53415,299.81427,85.32237,3.688889,0.008655999,0.006010463
2018,9,,,,,40.355698,01-09-2018 00:00,-0.4087559,1.1897593,1.2591838,289.03244,1005.0015,456.43103,0.72822714,302.5478,299.61572,84.26213,3.9787452,0.007351879,0.00590204
2018,10,,,,,76.61666,01-10-2018 00:00,-0.08740592,-0.08779746,0.12729794,45.572098,1010.4628,422.63733,0.3457111,300.64447,296.4447,77.88515,4.1023955,0.003782971,0.005743439
2018,11,,,,,106.08419,01-11-2018 00:00,0.23920095,-0.5426384,0.59503543,114.11874,1013.00397,405.34384,0.30293036,297.34393,292.38757,73.84743,3.8979247,0.000247367,0.005406499
2018,12,,,,,139.85655,01-12-2018 00:00,0.53339285,-2.1777177,2.242734,103.77989,1014.8238,389.2901,0.2641983,292.39685,286.49435,68.64042,3.510151,0.000764214,0.005222379
2019,1,202.4833339,201.5837835,29.05697195,88.77688172,134.68489,01-01-2019 00:00,0.45601863,-1.8833022,1.9380536,103.61842,1015.9386,378.24487,0.09000602,292.1076,285.45715,65.30294,4.0839295,5.87E-05,0.005206179
2019,2,127.3108447,126.7550207,30.65560878,89.08110119,91.01866,01-02-2019 00:00,0.33129036,-0.58759314,0.6761921,119.85452,1013.80054,461.3496,0.24587601,295.95154,288.78943,63.985645,4.4287877,0.00304763,0.005320033
2019,3,72.86722203,72.83439079,33.81853449,88.03763441,52.180767,01-03-2019 00:00,0.567049,0.82816803,1.003959,235.62764,1010.7113,448.84656,0.26057467,299.4041,294.339,73.7012,5.0329423,0.002315723,0.005613799
2019,4,41.4090775,41.38258394,28.67762887,83.99305556,27.981623,01-04-2019 00:00,0.2281366,2.1839628,2.1977842,264.16217,1007.06635,581.7099,0.3753078,302.7421,297.8655,75.09643,5.2622404,0.001917359,0.006004423
2019,5,43.94006635,43.56281575,27.11255525,86.32392473,33.28376,01-05-2019 00:00,0.37038916,3.4985142,3.5193186,264.01547,1003.34393,677.88086,0.4251309,304.3486,300.1039,78.207275,5.260911,0.00275724,0.005927756
2019,6,31.9905191,31.85801581,32.32097165,85.79861111,26.710257,01-06-2019 00:00,-0.18179685,2.4646082,2.4743474,274.32996,1000.24725,584.96674,0.7438209,304.06885,300.16272,79.742615,4.2261615,0.006522536,0.00608968
2019,7,27.60634813,27.39585299,27.19563889,87.58400538,26.022793,01-07-2019 00:00,0.09066522,2.5010319,2.5067842,268.01675,999.3113,582.9397,0.8630681,303.1731,299.88336,82.574,3.8784719,0.006746478,0.005967613
2019,8,23.82230409,23.58244951,16.47482712,80.65860215,25.07849,01-08-2019 00:00,-0.82495856,1.443656,1.6694703,299.71814,999.6467,456.52197,0.8915863,302.48773,299.8737,85.85151,3.5313258,0.01474176,0.005897984
2019,9,16.34912802,16.27795424,19.2638966,76.33928571,20.655413,01-09-2019 00:00,-0.9963093,1.6882334,1.9626253,300.5611,1005.4502,451.34192,0.8614329,301.86868,299.48444,86.96537,3.2332153,0.008982718,0.005685103
2019,10,57.32470939,56.84113598,30.43946825,78.06259601,54.68789,01-10-2019 00:00,0.10424209,-0.3290978,0.34591562,107.65084,1010.2323,340.13123,0.5369645,300.5329,297.71863,84.64108,3.5285826,0.005535144,0.00576524
2019,11,88.56892566,88.33873617,36.16394604,79.02281746,103.28974,01-11-2019 00:00,0.19618094,-1.5760517,1.5884886,97.128845,1011.82104,375.22644,0.2512958,297.32996,293.65656,79.95942,3.7249637,0.004311163,0.00545725
2019,12,92.25169252,91.97513443,34.66713047,81.27880184,99.62123,01-12-2019 00:00,-0.08761901,-1.4790735,1.4820299,86.61312,1015.58704,345.75354,0.34797966,292.4544,288.45526,77.648254,3.3789058,0.000463676,0.005529237
2020,1,94.30855691,94.06761585,32.59856159,80.57795699,104.05869,01-01-2020 00:00,0.07459565,-1.0474076,1.0507224,94.1079,1015.0829,311.4173,0.31874385,291.48834,287.54294,77.772,3.5313048,0.000949062,0.005540363
2020,2,81.62060798,81.59695209,39.4743919,81.92049808,92.85129,01-02-2020 00:00,0.4290926,-0.8001099,0.9101709,118.31157,1014.9095,453.82056,0.2519049,294.07373,287.8211,67.43005,4.3032126,0.000278136,0.005878013
2020,3,51.98928383,51.78764389,48.35176403,78.11539939,55.144302,01-03-2020 00:00,0.48485625,0.07891524,0.4993443,187.5952,1010.9056,583.5945,0.33899373,299.4912,292.81232,66.73418,5.0757494,0.00091366,0.006029832
2020,4,24.76188113,24.55299553,46.89238335,85.00578704,25.850998,01-04-2020 00:00,0.22625321,1.7735987,1.7916763,263.05823,1008.3741,584.05273,0.40315354,301.88046,296.8108,74.096664,4.915883,0.008980194,0.006227548
2020,5,15.88428606,15.51472153,33.40902376,78.73655914,20.160542,01-05-2020 00:00,0.43066776,2.2744722,2.3156824,259.37128,1004.36633,574.848,0.46453577,302.4457,298.65558,80.07402,4.681595,0.00550608,0.006092626
2020,6,13.52747974,13.46715518,26.04878025,80.43154762,17.973362,01-06-2020 00:00,-0.15315038,2.623641,2.6305828,273.39252,1001.4065,541.74866,0.8617259,302.9427,300.05536,84.52661,3.9005675,0.007892855,0.005983342
2020,7,16.18416813,15.8216053,29.59072367,79.02665771,17.297436,01-07-2020 00:00,0.28515762,2.5766563,2.5942545,263.75687,1001.5334,534.13574,0.93295527,303.14233,300.23996,84.47246,3.729598,0.008293469,0.005832632
2020,8,15.06531677,15.10740103,28.39273356,78.13940092,19.420654,01-08-2020 00:00,-1.0397072,1.5227556,1.8516791,304.28955,999.20874,498.79834,0.9412364,302.6442,300.21524,86.80667,3.3391836,0.01277604,0.005768315
2020,9,16.12329183,15.94548872,21.12851427,80.9077381,18.382906,01-09-2020 00:00,-0.17672253,1.8447375,1.8542342,275.5039,1003.6039,451.25586,0.8716362,302.85458,300.08588,85.1091,3.6432848,0.006799579,0.005721712
2020,10,32.95446145,32.65303956,27.39422153,83.2421275,42.146866,01-10-2020 00:00,-0.48998582,-0.41671818,0.6438067,40.303635,1006.10925,359.01,0.55800134,301.73898,298.63736,83.331894,3.616954,0.005080041,0.005602522
2020,11,79.93551708,79.91544269,39.83929019,81.11111111,91.85741,01-11-2020 00:00,-0.16796535,-1.6094472,1.6187172,84.05744,1013.3876,328.71838,0.24602884,297.33792,291.9591,71.928925,3.915516,0.000218957,0.005732562
2020,12,137.1184323,136.8202621,33.94917598,78.76824117,125.47635,01-12-2020 00:00,0.22494948,-1.7172902,1.7322742,97.45986,1014.17004,343.6222,0.084466755,292.64505,287.80978,73.611984,3.8647034,3.91E-07,0.005445135
2021,1,125.6323878,125.0751925,40.9165361,70.75492832,113.00128,01-01-2021 00:00,-0.09745669,-1.376874,1.3808616,85.923676,1013.383,357.10364,0.13286299,292.60257,287.68704,73.22407,3.9289212,1.43E-05,0.005403371
2021,2,106.9854911,106.6508824,42.4390057,80.33234127,103.16353,01-02-2021 00:00,0.4512933,-0.8172771,0.9350738,118.98508,1012.8615,430.9829,0.14665788,295.37286,288.68463,65.832214,4.8442535,0.000115724,0.005991377
2021,3,70.72967465,70.44290401,48.12902675,78.03379416,61.771935,01-03-2021 00:00,0.6175648,0.8624319,1.0613624,234.12007,1009.043,579.0044,0.2038809,301.4464,294.0456,64.2152,5.454856,0.000280993,0.005780479
2021,4,40.77434012,40.45103679,44.67108898,82.36111111,34.331482,01-04-2021 00:00,0.72515565,2.5898857,2.6909633,254.39066,1007.4928,675.6727,0.36299738,303.28555,297.11218,69.56835,5.5615034,0.000493982,0.00609544
2021,5,23.18595748,22.97322762,33.23807148,82.2468638,20.040598,01-05-2021 00:00,-0.13188905,2.1817646,2.1883574,273.61737,1004.0322,696.5359,0.51228166,303.23477,298.29578,74.89141,4.581268,0.005380988,0.00617669
2021,6,24.73110343,24.54682445,33.11543694,83.00347222,32.20242,01-06-2021 00:00,0.4553802,2.4314184,2.4756775,259.48874,1000.81,521.3297,0.8180508,302.5659,299.59277,84.06094,3.5942347,0.012328811,0.006013342
2021,7,21.4648874,21.36107637,32.73751791,79.1858679,23.299858,01-07-2021 00:00,-0.045502305,1.7572718,1.7622002,271.65677,999.7775,508.33044,0.9374434,302.66394,299.79773,84.60248,3.3858416,0.010792326,0.006013353
2021,8,26.03955815,25.97802838,32.42701617,81.19239631,27.469515,01-08-2021 00:00,0.1698345,1.9701643,1.9784752,265.09973,1002.53455,458.92737,0.9301317,302.54095,299.90976,85.76983,3.2834914,0.008933324,0.005944464
2021,9,20.29940936,20.41212426,23.12290725,78.34490741,21.839602,01-09-2021 00:00,-1.6810989,1.0854955,2.0023432,327.12018,1004.14343,437.59995,0.90278125,301.71027,299.30875,86.86263,3.10541,0.01317906,0.005859525
2021,10,50.11669836,50.19083816,35.21860975,77.3953533,53.110397,01-10-2021 00:00,-0.04203558,0.073308125,0.0934898,303.328,1007.5666,388.38885,0.49851954,301.47134,298.3182,83.04648,3.5812774,0.005940009,0.005858754
2021,11,77.37297761,77.03527868,44.46409068,78.05555556,91.06966,01-11-2021 00:00,-0.057300806,-1.5089722,1.5101361,87.83035,1011.8263,325.7079,0.32865232,296.86194,292.4462,76.297,3.6737206,0.001559063,0.005673227
2021,12,94.3156422,94.700651,29.62268612,78.29781106,107.70528,01-12-2021 00:00,0.042306233,-1.4646678,1.4653629,91.65458,1015.40204,311.1538,0.39135644,292.93262,289.0642,78.372765,3.2507336,0.00486679,0.005622284
2022,1,99.4840815,99.13025293,32.40920095,79.68029954,94.81724,01-01-2022 00:00,0.1434862,-1.4408417,1.4480237,95.68894,1014.2467,337.26257,0.26235425,291.55634,287.77832,78.629875,3.587174,0.000884573,0.005803794
2022,2,76.0472207,75.8608642,34.33695107,85.81969246,75.24473,01-02-2022 00:00,0.2151699,-0.21499515,0.3126361,134.9512,1012.4669,415.91724,0.19066226,294.05682,289.10834,73.32129,4.4626784,0.001605911,0.006018633
2022,3,61.8600217,61.96889453,40.7985098,85.53187404,55.320797,01-03-2022 00:00,0.6022024,1.0101075,1.1777872,239.26321,1008.27185,600.6079,0.2504049,300.66196,293.90314,66.63073,5.4647036,9.27E-05,0.006061729
2022,4,24.77894866,24.67454368,36.81141322,84.83134921,22.331482,01-04-2022 00:00,0.42693895,3.9442205,3.969879,263.89197,1005.53296,705.01196,0.3162353,303.63336,298.92422,75.98902,5.4505024,0.0002423,0.006072874
2022,5,28.49867624,28.27928575,41.11296353,84.87423195,23.86567,01-05-2022 00:00,-0.014777303,2.6364012,2.638931,270.40735,1002.22064,643.354,0.47734165,303.21368,298.70987,76.85506,4.743118,0.003293832,0.006259362
2022,6,24.25218352,24.27512806,35.51984602,83.10515873,24.479061,01-06-2022 00:00,0.38573802,3.6502352,3.6722054,264.00507,1001.10596,677.923,0.8841791,303.56866,299.66257,79.67616,4.011786,0.004270259,0.006199421
2022,7,13.91900516,13.90506199,28.373804,79.73310292,19.27265,01-07-2022 00:00,-1.7231503,1.9985838,2.6403842,310.7713,1001.1049,584.051,0.8320214,302.8715,299.71356,83.18288,3.9599538,0.005568624,0.006039721
2022,8,17.19297791,17.26846805,28.91829961,78.47782258,18.14587,01-08-2022 00:00,-1.1107378,1.3595486,1.7592485,309.14355,1000.99316,507.77747,0.8590188,302.46588,299.68332,85.000656,3.580944,0.008934826,0.005970292
2022,9,19.72278605,19.86411683,31.37210839,79.31051587,20.757835,01-09-2022 00:00,-0.6353842,1.4906988,1.6220675,293.12668,1004.5681,450.61853,0.82055247,302.3571,299.5645,84.93906,3.6552305,0.008278698,0.005854708
2022,10,33.58802174,34.65038854,32.60298607,79.37307988,33.118233,01-10-2022 00:00,-0.27905542,-0.5143895,0.585226,61.51526,1009.4213,389.40344,0.44052172,300.6568,297.20032,81.45601,3.815999,0.006416176,0.005731664
2022,11,88.18521586,88.27709709,37.49744474,83.42261905,87.63874,01-11-2022 00:00,0.2728269,-1.8238964,1.844606,98.51229,1012.20544,374.72272,0.24126738,296.62708,291.4815,72.85433,3.9610085,1.34E-06,0.00552601
2022,12,117.6697637,117.4399702,33.46714024,86.79435484,103.55712,01-12-2022 00:00,0.3082204,-1.5263591,1.5575479,101.4275,1013.0404,337.43286,0.19699919,293.57928,288.6001,73.09365,3.7984347,3.55E-06,0.005332599
2023,1,101.564784,101.1274777,33.64727035,81.46121352,112.311966,01-01-2023 00:00,-0.09904748,-1.4211564,1.424804,86.01611,1014.9313,340.98938,0.13889489,292.63165,288.2352,75.719055,3.9208994,1.50E-05,0.005400166
2023,2,60.41914112,60.2105723,33.83550883,87.10671769,69.71253,01-02-2023 00:00,0.58120745,0.018432736,0.5906817,181.03543,1012.56665,461.75317,0.1989789,296.672,290.55634,68.54682,4.5963573,6.10E-05,0.005483205
2023,3,44.59137379,44.45210156,39.77626173,83.09811828,42.308403,01-03-2023 00:00,0.4513076,0.5043724,0.6777254,228.39989,1011.0603,482.77087,0.3885554,299.70407,293.6988,69.60665,4.804986,0.00278217,0.005759977
2023,4,40.42827263,40.26807911,50.80949083,84.00297619,41.91781,01-04-2023 00:00,0.64188933,1.1237135,1.2944992,240.3004,1007.0677,571.53076,0.36262146,303.23328,296.13922,65.81656,5.5032783,0.001454715,0.006110836
2023,5,27.2761562,27.1071721,42.43473094,83.4437404,33.678635,01-05-2023 00:00,0.078284785,1.9543486,1.9580631,267.82056,1005.12366,629.3085,0.41248882,303.70322,298.41034,73.40756,5.205061,0.0020134,0.006149404
2023,6,24.21823161,24.71084946,40.12759947,83.70535714,31.029772,01-06-2023 00:00,-0.31813776,2.810173,2.8302944,276.5016,1000.3071,603.9048,0.8028414,304.40622,300.02686,77.60428,4.174138,0.004397061,0.006099928
2023,7,12.41194879,12.34910497,26.67265329,75.49283154,19.399431,01-07-2023 00:00,-1.4452314,1.9283495,2.4114978,306.86926,1000.88025,529.17035,0.91519845,303.2421,300.2206,83.894455,3.8600821,0.005828038,0.005938994
2023,8,29.89495991,29.81585709,30.39134125,84.03417819,32.011253,01-08-2023 00:00,0.7163072,1.5315661,1.6928087,245.02147,1001.2837,451.565,0.95150316,302.61368,299.84912,85.10567,3.2549589,0.01168178,0.005900679
2023,9,19.00500783,18.79993039,23.08582255,83.49702381,28.389885,01-09-2023 00:00,-1.229989,1.2146044,1.7316377,315.3107,1002.7961,441.43152,0.90744877,302.39804,299.9739,86.80881,3.4687133,0.010477304,0.005880507
2023,10,48.7163968,48.71069684,31.32057154,85.2390553,52.33504,01-10-2023 00:00,-0.06572622,-0.21484059,0.22639756,73.6833,1009.3027,409.31104,0.44381124,301.30673,297.6329,80.48248,3.8008306,0.004157249,0.005839095
2023,11,78.19810989,78.01548658,33.34922411,85.24305556,85.74929,01-11-2023 00:00,-0.11018425,-1.5161886,1.520266,85.84163,1013.226,414.46143,0.34749305,298.02887,293.31415,75.076904,3.7490528,0.000519358,0.005643062
2023,12,81.98872648,82.17501389,29.84257878,85.19585253,77.99273,01-12-2023 00:00,0.3515362,-1.9921675,2.0231223,100.00805,1014.7499,370.97128,0.39504325,293.64676,289.17932,75.538315,3.3066096,0.001215375,0.005645151
2024,1,99.50679739,99.80915955,28.49280725,83.07411674,,,-0.18655305,-1.4022613,1.9806823,105.95221,1015.8534,315.89996,0.27425,290.92038,287.1725,80.317276,6.439607639,0.08685389,0.005754401
2024,2,68.33571273,68.06438634,27.99401837,86.06321839,,,0.14953287,-0.5209054,1.9856337,151.58447,1014.6313,386.0386,0.33849856,295.63855,290.43176,74.75865,7.393937625,0.056748316,0.005723046
2024,3,43.57129948,43.52890927,34.54745162,81.23079877,,,0.3288285,0.5597115,1.9715114,203.80154,1011.0985,473.00833,0.33265477,299.65802,294.33212,74.84367,8.541234717,0.21876603,0.005976606
2024,4,40.66854269,40.57908311,51.187965,86.32440476,,,0.9472807,1.4764978,2.4172919,218.73889,1005.17554,561.08484,0.27828875,304.88345,297.1524,66.69564,9.694974304,0.03806439,0.006343786
2024,5,20.76323786,20.7026867,35.30206433,86.58794163,,,-0.011896811,1.8926582,3.2705784,240.2183,1002.6674,606.3752,0.5097363,303.6161,299.20056,78.98327,8.034105335,1.392933,0.006295533
2024,6,22.09603931,22.04640811,29.99778874,84.69246032,,,0.25262916,3.2749386,3.5618496,266.72522,999.8526,601.3103,0.6990533,304.56686,300.98856,81.91368,8.110592662,0.4452026,0.006069971
2024,7,16.55425124,16.8849702,18.48537971,81.65322581,,,-0.71051484,2.0179598,3.0864546,264.49652,997.84283,538.10895,0.95030105,303.08252,300.52164,86.48575,5.924208311,1.1155683,0.005893421
2024,8,21.21689096,21.07715618,19.6219787,84.48060676,,,0.18401375,1.7057734,2.4688962,249.68872,1002.16565,413.74026,0.94844276,302.242,300.12405,88.701164,5.042024529,1.8078401,0.00590266
2024,9,20.82648158,21.43184543,22.82739614,80.8531746,,,-0.57916486,1.1535102,2.6041276,239.99872,1002.2486,468.28595,0.82650715,302.6937,300.13348,86.70122,6.061255434,1.5675411,0.005864669
2024,10,35.98313525,35.67818259,25.81897297,85.5078725,,,-0.21494147,0.2595079,1.8571789,198.22884,1008.0526,365.09363,0.57514066,301.79602,299.13995,86.15928,5.972028086,0.7131499,0.005830581
2024,11,72.8710582,72.98018196,28.81607253,88.3531746,,,0.30801463,-1.4127175,1.8092647,111.18349,1012.2343,390.73325,0.36526048,297.76657,293.31958,77.97279,6.257138125,0.04890709,0.005664971
2024,12,73.75209922,73.7941442,26.32732513,87.17357911,,,0.2619104,-1.7227091,2.0675104,106.536514,1013.96625,308.86432,0.38356268,293.35678,288.4507,75.5763,6.195067397,0.018191531,0.005639144
