year,month,PM25,PM25_clean,Ozone,PM25_Availability,PM25_WUstl,PM25_WUstl_original,Time,U10,V10,WS,WD,SP,BLH,TCC,T2M,D2M,RH,SSR,TP,O3
1998,1,,,,,29.15685843,23.827118,01-01-1998 00:00,-1.1091394,0.22325921,1.1339791,348.07004,1010.23315,512.448,0.4044513,297.44562,293.5094,78.69812,4.042941,0.001436015,0.005206841
1998,2,,,,,26.385937,22.277967,01-02-1998 00:00,0.19286722,1.1347508,1.1574281,259.07745,1009.448,493.12476,0.37493294,298.37656,294.34213,78.35077,4.5872474,0.002187546,0.005270497
1998,3,,,,,14.08764889,15.40231,01-03-1998 00:00,1.030293,2.685195,2.8767633,248.73666,1007.1259,556.3834,0.27736402,300.68774,296.18402,76.478035,5.4165244,0.000769709,0.005300915
1998,4,,,,,3.28148799,9.360863,01-04-1998 00:00,2.5268927,3.9432535,4.68391,237.3285,1004.5404,563.27686,0.3235625,302.22882,297.81046,77.22406,6.0253468,0.000373062,0.005684496
1998,5,,,,,5.532070724,10.619106,01-05-1998 00:00,1.9128628,3.5800571,4.0596676,241.73119,999.53076,542.198,0.39773023,304.21854,299.10098,74.491104,6.233773,0.000285276,0.005779816
1998,6,,,,,13.36033234,14.995686,01-06-1998 00:00,3.1757412,3.6129932,4.8119364,228.70084,996.2867,554.2444,0.7796058,303.71942,299.4986,78.31596,4.539659,0.004084742,0.005770251
1998,7,,,,,5.569276869,10.639907,01-07-1998 00:00,3.796671,3.281704,5.024123,221.37918,997.5521,588.5642,0.85343736,302.11014,298.61432,81.44624,4.0428686,0.005740129,0.005771173
1998,8,,,,,8.236850678,12.131279,01-08-1998 00:00,3.0318642,2.7518787,4.0970564,222.58633,999.49493,510.7378,0.95785415,301.62885,298.5155,83.261475,3.6013167,0.006216619,0.005797315
1998,9,,,,,5.531797057,10.618953,01-09-1998 00:00,0.9822056,1.3937759,1.7068764,235.07399,1000.17523,493.59668,0.8727473,301.29724,298.33807,83.99258,3.9807758,0.008430086,0.005752946
1998,10,,,,,8.121923202,12.067026,01-10-1998 00:00,-1.0620003,-0.7083027,1.2904176,34.700706,1002.6325,493.56714,0.6386529,300.71857,297.28842,81.59309,3.8675146,0.008509744,0.00553098
1998,11,,,,,19.4511845,18.400925,01-11-1998 00:00,-1.5048027,-1.8807793,2.4125597,52.22453,1005.6577,504.32788,0.41891807,299.29596,295.00513,77.259636,4.10471,0.0052719,0.005134255
1998,12,,,,,38.73741303,29.18336,01-12-1998 00:00,-2.0866814,-1.882474,2.8146055,43.12978,1009.9932,496.88037,0.16581452,296.3858,289.847,66.67515,4.637362,1.22E-06,0.005091338
1999,1,,,,,43.8851455,32.061325,01-01-1999 00:00,-1.7205706,-0.8541517,1.9210587,26.564007,1008.58,468.69385,0.28181183,296.10745,290.57047,70.99184,4.667915,7.32E-05,0.004996659
1999,2,,,,,55.11242751,38.33821,01-02-1999 00:00,-1.2433596,0.07961054,1.2484593,355.64,1009.17236,407.41553,0.14887464,298.522,292.6679,70.2079,5.40684,6.96E-05,0.004960807
1999,3,,,,,29.45396026,23.99322,01-03-1999 00:00,2.1610413,3.4676666,4.089072,238.59442,1002.579,473.91626,0.13195777,301.03595,296.22437,75.27042,5.8985023,2.89E-05,0.005306385
1999,4,,,,,15.88734523,16.408474,01-04-1999 00:00,1.8678322,3.9676247,4.385956,244.92172,1000.7035,547.02124,0.2509002,302.67816,298.3003,77.48598,6.276675,2.53E-05,0.005584491
1999,5,,,,,11.2064863,13.791526,01-05-1999 00:00,2.9930906,3.9070415,4.923355,232.52104,998.07904,560.1367,0.56925094,303.32532,298.7636,76.757034,5.6660843,0.000683271,0.005849287
1999,6,,,,,12.77605045,14.669029,01-06-1999 00:00,3.863758,3.3893957,5.143048,221.12442,996.5875,609.7029,0.7864064,303.0288,297.83658,73.84635,4.760148,0.006303702,0.00583106
1999,7,,,,,0.333901316,7.712943,01-07-1999 00:00,4.161893,3.164568,5.232419,217.3358,996.2786,613.84033,0.88767797,301.85672,297.64493,78.05192,4.5443053,0.001883885,0.005838317
1999,8,,,,,7.968136849,11.981048,01-08-1999 00:00,3.719736,2.618144,4.554521,215.6495,997.9302,519.1299,0.9069862,301.1584,297.82593,82.131035,3.9382968,0.003492855,0.005887632
1999,9,,,,,6.042213995,10.904314,01-09-1999 00:00,2.7015371,2.2042503,3.4886189,219.42802,999.676,534.7937,0.86656624,301.19662,297.61182,80.89957,4.023384,0.005134128,0.005813324
1999,10,,,,,2.180448318,8.7453,01-10-1999 00:00,-0.7125661,-0.52085835,0.88946015,37.68245,1002.91754,410.8706,0.6830684,300.47113,296.83057,80.53527,4.1996303,0.004674748,0.005642369
1999,11,,,,,25.90776264,22.010632,01-11-1999 00:00,-2.09478,-1.7486286,2.7340941,40.876453,1007.76636,487.95142,0.2854979,298.37445,292.88123,71.597626,4.583552,0.001279112,0.005481493
1999,12,,,,,24.81995377,21.402466,01-12-1999 00:00,-2.7918034,-2.0152102,3.4456246,36.521187,1009.8693,607.8513,0.19194269,296.55646,290.35516,68.153854,4.3570347,0.000155745,0.00533567
2000,1,,,,,27.69973908,23.01248,01-01-2000 00:00,-1.463151,-0.12398249,1.4690691,4.3098803,1008.93115,472.68896,0.13028276,296.57236,291.58453,73.579285,4.6497135,0.00014487,0.005278417
2000,2,,,,,35.62942729,27.445765,01-02-2000 00:00,-0.71502495,0.7573919,1.0478194,311.8771,1007.0412,535.218,0.52055085,297.96362,293.77444,77.54327,4.076974,0.002723097,0.005424827
2000,3,,,,,17.93398191,17.552696,01-03-2000 00:00,1.0482723,2.2923775,2.5214357,245.71643,1004.86475,495.0714,0.19317073,300.09705,294.89484,73.3142,6.03572,2.94E-05,0.005516797
2000,4,,,,,19.1430591,18.22866,01-04-2000 00:00,2.858364,4.6748724,5.4804406,238.67627,1001.09753,564.59106,0.2357918,302.3814,298.42712,79.437096,6.167262,0.000105418,0.005819784
2000,5,,,,,12.1763359,14.333744,01-05-2000 00:00,2.4941015,3.4699326,4.275871,233.93144,998.831,567.0022,0.45482957,304.02066,298.64746,73.3905,5.8660135,0.000833296,0.005945952
2000,6,,,,,24.49391483,21.220186,01-06-2000 00:00,2.801836,2.4235153,3.7085497,221.11015,996.09045,511.9414,0.88890505,302.33582,298.22363,78.57152,4.2699614,0.006154291,0.005859875
2000,7,,,,,16.68852673,16.856394,01-07-2000 00:00,3.398077,2.5898428,4.2763486,217.74799,996.2577,586.1387,0.8800624,301.59357,297.7937,79.928795,4.4023023,0.004552122,0.005854724
2000,8,,,,,13.17485074,14.891988,01-08-2000 00:00,3.350669,2.496972,4.1870823,217.6779,996.943,508.886,0.9285109,300.93442,297.93585,83.755775,3.599145,0.011792362,0.00586181
2000,9,,,,,19.72816736,18.555779,01-09-2000 00:00,2.0484943,1.860857,2.7689414,222.04631,1000.94354,426.9392,0.83044416,301.4487,297.7975,80.60962,4.777728,0.003794825,0.005791304
2000,10,,,,,24.50548753,21.226656,01-10-2000 00:00,-0.6718078,-0.5444486,0.8780071,40.5018,1002.96655,451.91553,0.5213615,300.96957,296.363,76.04195,4.82249,0.00285144,0.005530393
2000,11,,,,,28.59435003,23.512634,01-11-2000 00:00,-2.2667532,-1.607358,2.7844074,36.550377,1007.39105,540.812,0.31380677,298.8487,293.2491,71.21098,4.552111,0.000401408,0.005341083
2000,12,,,,,31.22306317,24.98228,01-12-2000 00:00,-2.1094847,-1.3520555,2.5072384,33.36708,1009.2675,473.0161,0.13074738,296.0875,289.8764,68.02095,4.617429,5.97E-07,0.00521244
2001,1,,,,,51.21621919,36.15994,01-01-2001 00:00,-1.4238338,-0.12708157,1.4302802,4.577346,1008.4335,426.52637,0.39906234,296.31445,291.3161,73.478134,4.5887895,0.00018672,0.005145099
2001,2,,,,,35.90695748,27.600925,01-02-2001 00:00,1.0978327,2.497057,2.7288837,246.65503,1006.38336,474.43408,0.11612189,298.57214,293.89185,75.34986,5.330649,1.96E-05,0.005242458
2001,3,,,,,33.58499246,26.302774,01-03-2001 00:00,1.2749856,2.8176508,3.0930781,245.46587,1005.2924,495.07422,0.27081662,300.35263,295.53064,75.02206,5.690031,0.000391038,0.00556709
2001,4,,,,,10.08560311,13.164869,01-04-2001 00:00,2.4825783,3.4948816,4.287524,234.66603,1003.77057,516.9397,0.35693717,301.7713,297.53568,77.943344,5.7208176,0.001756216,0.005770809
2001,5,,,,,13.74783002,15.212326,01-05-2001 00:00,2.430007,3.7059746,4.43208,236.66412,997.87036,511.41968,0.41066146,303.89334,299.28442,76.668915,5.9876976,0.000410261,0.005979145
2001,6,,,,,20.55800874,19.019722,01-06-2001 00:00,3.942484,2.8704643,4.8802547,215.8947,995.76105,614.76294,0.96724457,302.50034,297.78928,75.83964,4.3913903,0.003037694,0.00587966
2001,7,,,,,18.50889117,17.874113,01-07-2001 00:00,3.8964815,2.9462872,4.889525,217.35284,996.6494,520.81177,0.9680003,301.70947,297.94025,80.08721,3.7997987,0.005937547,0.005889623
2001,8,,,,,12.23724551,14.367797,01-08-2001 00:00,3.5735035,2.101221,4.15359,211.4402,997.1892,449.59888,0.94275147,301.2724,297.82385,81.574875,3.6910264,0.005738445,0.005900158
2001,9,,,,,23.87876584,20.876272,01-09-2001 00:00,1.1355197,1.1362512,1.6084231,224.41046,1000.59546,413.90503,0.7477625,301.55585,298.2964,82.53282,4.654593,0.005283196,0.005862426
2001,10,,,,,25.90252542,22.007704,01-10-2001 00:00,-1.2359362,-0.52475286,1.3527327,24.674217,1003.5677,420.4756,0.66020966,300.50537,297.09824,81.680984,4.1701155,0.005602382,0.005614724
2001,11,,,,,23.45846751,20.641294,01-11-2001 00:00,-2.7764359,-3.008582,4.102457,48.34613,1007.42334,548.84106,0.58129656,298.68042,295.09772,80.58525,3.388154,0.008613538,0.005304505
2001,12,,,,,43.44445632,31.814947,01-12-2001 00:00,-1.9658823,-1.6276808,2.5560272,40.701576,1011.51904,457.23145,0.3464105,296.28662,291.18073,72.97951,4.289793,5.94E-05,0.005045503
2002,1,,,,,24.33075405,21.128967,01-01-2002 00:00,-1.1810627,-0.24071169,1.2061279,11.694271,1009.5637,494.8318,0.24624068,296.49945,291.9702,75.700356,4.415834,0.000848715,0.004939101
2002,2,,,,,50.57350856,35.800617,01-02-2002 00:00,-1.0391321,0.55370986,1.1834002,330.8341,1010.3332,446.63208,0.20541954,297.96735,292.4184,71.34238,5.308809,1.33E-05,0.005213054
2002,3,,,,,25.14985088,21.586903,01-03-2002 00:00,1.7431192,3.2975998,3.7307456,242.2987,1005.73,517.78735,0.22699362,300.5503,295.50983,74.111465,5.7563734,8.16E-05,0.005467745
2002,4,,,,,6.10477634,10.939291,01-04-2002 00:00,3.0685282,4.5641756,5.5002675,236.11055,1002.93427,618.6758,0.19255745,302.36368,297.58676,75.57483,6.1927333,0.000152603,0.005681448
2002,5,,,,,15.34744026,16.106627,01-05-2002 00:00,3.3823614,4.297138,5.470386,231.69048,997.526,561.9485,0.413042,304.28375,298.2801,70.830826,6.0521245,0.000537077,0.005973177
2002,6,,,,,17.79783543,17.47658,01-06-2002 00:00,3.3756933,3.7794218,5.0704746,228.52321,997.20776,577.4176,0.7820035,302.81906,298.94766,79.78201,4.8807645,0.00354224,0.005868755
2002,7,,,,,17.87831132,17.521572,01-07-2002 00:00,3.1806755,2.0889206,3.81433,212.41922,997.14716,496.3628,0.89878565,303.40735,297.92468,72.59912,4.5350013,0.003479582,0.005780677
2002,8,,,,,23.56926137,20.703236,01-08-2002 00:00,4.3317347,3.2783022,5.439807,217.74103,997.7151,567.0415,0.9224607,300.97232,297.6182,82.00264,3.7053623,0.006862827,0.005824298
2002,9,,,,,28.66904135,23.554392,01-09-2002 00:00,2.2190037,2.038618,3.0146992,222.46315,1000.8963,432.68115,0.84955573,301.7105,298.03348,80.53142,4.5052204,0.00188902,0.005785738
2002,10,,,,,28.65994596,23.549307,01-10-2002 00:00,-1.278532,-0.66728246,1.4484086,28.991302,1005.0343,482.05615,0.6426216,300.404,296.4531,79.0351,4.097025,0.004461767,0.005591002
2002,11,,,,,46.21730772,33.365177,01-11-2002 00:00,-2.0849333,-1.849081,2.7916014,42.470238,1007.32715,519.44946,0.6106151,298.65424,293.02158,71.059235,4.1604357,0.001356901,0.00535014
2002,12,,,,,40.29843449,30.056087,01-12-2002 00:00,-1.3489742,-0.23258513,1.3689269,9.743104,1009.8515,430.73657,0.3506319,297.1041,292.04163,73.34852,4.3527346,0.000115621,0.005174343
2003,1,,,,,51.12857431,36.11094,01-01-2003 00:00,-1.6287203,-0.10862738,1.633739,93.1111,1010.94495,488.2832,0.43860847,296.21484,291.39804,74.3203,4.4398484,0.000211051,0.005156466
2003,2,,,,,36.5141129,27.94037,01-02-2003 00:00,-0.99882317,1.0304196,1.4402809,313.25098,1008.7086,513.29126,0.31582308,298.37872,293.81342,75.85546,4.82682,0.000383542,0.005245929
2003,3,,,,,25.63904882,21.860401,01-03-2003 00:00,1.4227948,3.0135498,3.3328247,244.59726,1006.35236,546.7312,0.2591375,300.47516,295.26215,73.301125,5.654791,0.000773447,0.005653835
2003,4,,,,,5.14484671,10.402619,01-04-2003 00:00,2.7551384,4.3424034,5.14421,237.80171,1003.43744,569.4907,0.29470372,302.43488,297.53998,75.188515,6.183982,0.000163615,0.00586928
2003,5,,,,,13.55738843,15.105855,01-05-2003 00:00,1.1606343,3.1502714,3.3575838,249.84889,998.64453,516.88403,0.4755206,303.68872,299.21307,77.34749,5.87744,0.000104987,0.006039703
2003,6,,,,,18.67260286,17.96564,01-06-2003 00:00,3.990696,4.6200094,6.1070967,229.3804,996.2474,620.47296,0.8531119,303.4219,298.79718,76.50189,4.6559267,0.003749874,0.005977391
2003,7,,,,,15.8807343,16.404778,01-07-2003 00:00,4.190233,3.0393143,5.1828785,216.72652,997.14514,491.8059,0.9405501,301.13965,298.25928,84.371994,3.2518,0.011969205,0.005867715
2003,8,,,,,14.32687737,15.5360565,01-08-2003 00:00,3.0319328,2.080656,3.681156,215.02692,997.47766,422.15894,0.91019183,301.38785,298.29633,83.34468,3.8451116,0.01020148,0.005906786
2003,9,,,,,19.51622595,18.437288,01-09-2003 00:00,2.1171293,1.702068,2.7191432,218.77531,1000.0959,395.97192,0.80631703,301.3355,298.01718,82.218346,4.2390966,0.004150834,0.005763473
2003,10,,,,,18.22998192,17.718182,01-10-2003 00:00,-1.1804123,-0.8482656,1.4625125,36.885372,1003.53186,444.76465,0.7636255,300.10498,297.18362,84.054016,3.544663,0.011880018,0.005507574
2003,11,,,,,45.20363748,32.79846,01-11-2003 00:00,-1.9378405,-1.4304247,2.4133563,37.691288,1009.02606,509.05225,0.26462042,298.6679,293.47433,72.99833,4.6910806,0.000227602,0.005323465
2003,12,,,,,45.27666891,32.83929,01-12-2003 00:00,-2.4391232,-2.1233406,3.2384381,41.988808,1010.25604,527.7285,0.29791075,296.35043,291.28506,73.175285,3.9665532,0.003757495,0.005130664
2004,1,,,,,54.78391126,38.154545,01-01-2004 00:00,-1.3603859,-0.33932358,1.4043078,14.860756,1009.8032,472.32764,0.3682722,295.93506,291.30908,75.15697,4.335476,0.000611734,0.005027091
2004,2,,,,,52.00168721,36.599075,01-02-2004 00:00,-0.076083004,0.9359647,0.9426236,273.64673,1008.6252,488.64575,0.1389615,297.91632,292.43948,71.59661,5.209429,0.00041832,0.005146596
2004,3,,,,,27.93290308,23.142836,01-03-2004 00:00,1.8165407,3.269268,3.7416685,241.27005,1005.42456,474.813,0.15186012,300.48718,295.64685,75.039474,6.004342,0.000108867,0.005422679
2004,4,,,,,6.082176482,10.926656,01-04-2004 00:00,3.0941868,4.521017,5.478942,235.54703,1002.72205,627.959,0.4024896,302.37186,298.14758,78.157745,5.836751,0.000330606,0.00578335
2004,5,,,,,12.04542307,14.260554,01-05-2004 00:00,1.8887825,3.0367928,3.5779376,237.81415,998.6874,523.8108,0.5510156,303.6424,298.52066,74.30008,5.5196714,0.001252015,0.005899692
2004,6,,,,,26.15249755,22.147457,01-06-2004 00:00,3.5092678,3.1054049,4.688552,221.45256,997.399,571.9154,0.7793482,302.7564,298.2553,76.85531,4.9418945,0.009597972,0.005933733
2004,7,,,,,12.50595934,14.518028,01-07-2004 00:00,2.978754,2.688489,4.0173345,222.62799,997.17615,444.85474,0.97965163,301.2266,298.22406,83.77289,3.9417396,0.006083239,0.005841475
2004,8,,,,,18.01831775,17.599846,01-08-2004 00:00,4.0450544,2.6612082,4.8476305,213.94133,996.89856,519.7195,0.8896428,301.58444,297.83646,80.16435,3.8535583,0.007758506,0.005867894
2004,9,,,,,18.55960536,17.902466,01-09-2004 00:00,1.2121394,1.5788248,1.9920956,232.41739,1001.5708,361.51123,0.7750502,301.2702,298.10284,82.95337,4.503234,0.004401965,0.005851484
2004,10,,,,,39.09734729,29.38459,01-10-2004 00:00,-1.5206203,-1.516367,2.1529672,46.053326,1006.0952,487.61743,0.5585391,300.1045,296.38095,80.08498,4.23586,0.00505409,0.005733476
2004,11,,,,,52.96299412,37.136517,01-11-2004 00:00,-1.9263744,-1.4500608,2.41778,38.369728,1009.2926,472.6731,0.27896947,298.43677,292.94214,71.60669,4.595745,0.000488051,0.005536398
2004,12,,,,,52.22162041,36.722034,01-12-2004 00:00,-1.930047,-0.8988142,2.1300316,25.576923,1009.835,490.62598,0.15836948,296.5774,291.64325,73.81886,4.3892717,8.80E-05,0.005331498
2005,1,,,,,55.28964903,38.43729,01-01-2005 00:00,-1.2425508,0.37729502,1.3008497,342.45016,1009.32556,489.94678,0.3731426,296.93005,292.69226,77.15597,4.190673,0.000915421,0.005405345
2005,2,,,,,40.87830552,30.380278,01-02-2005 00:00,0.54987186,1.6478157,1.7373148,251.40054,1008.72205,421.0868,0.16873604,298.69794,293.60638,73.55353,5.3224845,0.000426106,0.005458265
2005,3,,,,,22.05398696,19.856085,01-03-2005 00:00,2.0698004,3.5158396,4.080329,239.59766,1006.3659,532.3701,0.29752886,300.52106,295.71387,75.13617,5.7334175,0.000694445,0.005747993
2005,4,,,,,8.737623103,12.411248,01-04-2005 00:00,1.8240948,3.3026218,3.7734427,241.16312,1004.64404,544.8296,0.42638272,302.48108,297.94632,76.709114,5.98572,0.000354227,0.00584193
2005,5,,,,,19.7733635,18.581047,01-05-2005 00:00,2.7728825,4.10779,4.956544,235.98949,999.9462,583.36206,0.30476862,303.5568,299.55307,79.3359,5.9802446,0.000488487,0.006036276
2005,6,,,,,20.26642138,18.856703,01-06-2005 00:00,3.2876549,3.2702131,4.640109,224.61514,995.3708,523.36304,0.74339473,304.2335,298.945,73.691154,4.819005,0.002581213,0.005871491
2005,7,,,,,14.48286647,15.623266,01-07-2005 00:00,3.7720175,3.0270596,4.842612,219.26805,996.94214,600.8635,0.8803233,301.79724,297.82065,79.10918,4.1570287,0.004132874,0.005823122
2005,8,,,,,24.36851468,21.150078,01-08-2005 00:00,3.5245705,2.456028,4.300074,215.28043,998.378,475.8042,0.8633711,301.72894,298.14075,80.95477,4.105223,0.004360668,0.00579553
2005,9,,,,,15.40944812,16.141294,01-09-2005 00:00,1.9757166,1.6546822,2.57949,220.28165,999.4246,474.61377,0.8496921,300.9629,298.05518,84.21789,3.5136375,0.017415557,0.005721359
2005,10,,,,,34.27730651,26.689829,01-10-2005 00:00,-1.5239449,-0.87625176,1.7693236,31.27356,1004.3247,385.4309,0.80438477,299.89978,297.43475,86.36827,3.5234628,0.010213167,0.005560421
2005,11,,,,,54.30077871,37.884438,01-11-2005 00:00,-2.2117186,-2.1418123,3.0838854,45.154613,1007.87616,472.92236,0.55674404,298.04034,292.7711,72.54164,4.4337053,0.000581909,0.00527336
2005,12,,,,,60.24363444,41.206936,01-12-2005 00:00,-2.7862053,-2.6458454,3.8442554,44.08988,1008.3098,494.80835,0.47523558,296.3687,291.02252,71.89473,3.9702396,0.001710895,0.005143959
2006,1,,,,,67.54383388,45.28829,01-01-2006 00:00,-1.1625614,-0.5574952,1.2895414,25.932348,1009.50085,394.2837,0.21638888,296.4966,291.62354,74.09007,4.80866,1.29E-05,0.005132
2006,2,,,,,55.21192591,38.393837,01-02-2006 00:00,0.850406,1.709734,1.9098059,243.77626,1008.0099,332.52686,0.106140256,298.39572,292.84534,71.47369,5.5330844,6.51E-07,0.00514471
2006,3,,,,,36.9396413,28.178272,01-03-2006 00:00,1.1467896,2.3405752,2.607326,244.248,1005.61707,485.00903,0.20650142,300.42633,295.56494,74.84726,5.7218714,0.000622315,0.005470806
2006,4,,,,,23.50945536,20.6698,01-04-2006 00:00,2.1221685,3.6310005,4.20696,239.8944,1002.467,506.36694,0.32673502,301.94595,297.8702,78.73616,5.92188,0.000592885,0.005912013
2006,5,,,,,21.88973152,19.764254,01-05-2006 00:00,2.1998634,3.3417006,4.001584,236.7136,999.7685,530.3423,0.5033351,302.7833,299.03925,80.416214,5.5062447,0.002427642,0.006079104
2006,6,,,,,25.4808516,21.771957,01-06-2006 00:00,2.8622541,2.9239454,4.0940056,225.66278,997.65094,468.38257,0.77126354,302.76038,298.87274,79.71004,4.5629635,0.005447332,0.006017144
2006,7,,,,,23.23329887,20.515408,01-07-2006 00:00,4.5423,3.2174768,5.5704145,215.46388,996.36725,603.5581,0.90924865,302.12378,297.83417,77.69778,4.0628934,0.006164264,0.005990785
2006,8,,,,,18.81977471,18.04792,01-08-2006 00:00,4.6895123,3.5138922,5.8653007,217.27184,997.2576,577.05273,0.9266385,301.1723,297.89764,82.41406,3.619526,0.011965741,0.005955791
2006,9,,,,,27.74108064,23.035593,01-09-2006 00:00,2.2060127,1.9577751,2.9523742,222.0924,1000.2801,418.7478,0.7615422,301.14453,298.1279,83.68917,4.2258096,0.00593219,0.005896885
2006,10,,,,,54.00698234,37.720184,01-10-2006 00:00,-0.59513193,-0.29848063,0.69150996,29.196283,1006.48047,435.7583,0.4297988,301.00357,297.06097,79.15603,4.504055,0.007675502,0.005780546
2006,11,,,,,56.23193163,38.964096,01-11-2006 00:00,-1.6908302,-1.3516607,2.1725159,40.215797,1008.2294,419.22534,0.4863423,298.526,294.78528,79.79415,4.0611334,0.003389279,0.005546457
2006,12,,,,,62.95254086,42.721416,01-12-2006 00:00,-1.5707417,-0.92223644,1.8248332,31.628683,1010.1999,461.3628,0.26352906,297.19595,292.612,75.55746,4.2107124,0.000228412,0.005259389
2007,1,,,,,75.9255103,49.97427,01-01-2007 00:00,-0.94625664,0.1817298,0.9658896,348.4029,1010.9824,428.61865,0.32286263,296.59045,291.86526,74.7939,4.638938,9.59E-05,0.005254288
2007,2,,,,,50.91994373,35.9943,01-02-2007 00:00,0.39379376,1.6208162,1.6712519,255.51126,1008.5376,471.88647,0.31815404,297.73682,292.43814,72.38301,5.0892267,0.000435409,0.005459096
2007,3,,,,,44.60584933,32.464252,01-03-2007 00:00,1.5010228,2.9708595,3.3300486,243.54185,1006.1603,477.99097,0.16070604,300.13196,295.74933,76.99705,5.7090135,0.00013217,0.005551844
2007,4,,,,,10.29258096,13.280585,01-04-2007 00:00,2.6421432,4.098874,4.8774223,237.29839,1003.8815,565.2722,0.2589801,301.79974,297.59668,78.133995,6.1267824,0.000241173,0.00598256
2007,5,,,,,31.41901744,25.091833,01-05-2007 00:00,1.7821474,3.2196083,3.6809201,240.79388,998.81256,488.47754,0.59337837,303.80347,299.68735,78.815346,5.795791,0.001239414,0.006024745
2007,6,,,,,23.67894983,20.76456,01-06-2007 00:00,2.708724,3.2902002,4.2655373,230.96478,995.9691,580.1349,0.8572373,302.49445,299.05045,81.767654,4.235837,0.011595521,0.005842823
2007,7,,,,,20.65502267,19.07396,01-07-2007 00:00,3.2419624,3.1311579,4.509594,224.22244,997.53076,530.83325,0.94218767,301.57297,298.1474,81.72655,4.3600397,0.004725743,0.005745447
2007,8,,,,,24.92606131,21.461788,01-08-2007 00:00,3.5215673,2.6996002,4.441817,218.07144,997.5104,488.61646,0.9038775,301.32288,298.0794,82.58363,3.9012313,0.006836977,0.005794658
2007,9,,,,,32.13420859,25.491678,01-09-2007 00:00,2.2483845,1.9755468,2.9960952,221.87334,998.28674,467.06567,0.9242156,300.96597,298.23743,85.12047,3.7288256,0.013643704,0.005726761
2007,10,,,,,51.54281262,36.34253,01-10-2007 00:00,-1.2849188,-1.0972567,1.6963427,41.76068,1003.49554,423.31934,0.62531275,300.26834,296.5837,80.2959,4.352612,0.005364038,0.005577036
2007,11,,,,,42.20368209,31.121262,01-11-2007 00:00,-1.7456093,-1.58006,2.3589706,43.283394,1007.15106,453.15698,0.20829195,298.67072,293.73035,74.14052,4.6277647,0.000472308,0.005463557
2007,12,,,,,64.35122969,43.503387,01-12-2007 00:00,-2.181262,-1.4183788,2.6036048,33.712578,1008.5482,462.9651,0.42176843,297.2284,292.4754,74.77532,4.0654793,0.000294451,0.005020977
2008,1,,,,,67.06373671,45.01988,01-01-2008 00:00,-0.79937744,0.22193378,0.83644414,342.1657,1008.28577,415.5161,0.16798419,296.5092,291.78964,74.821335,4.7011733,0.000284736,0.005113072
2008,2,,,,,53.47479728,37.422653,01-02-2008 00:00,-1.0439615,0.35656762,1.1046249,341.38702,1007.9289,469.35327,0.33400458,297.76627,294.01877,79.65642,4.457738,0.002276969,0.0051599
2008,3,,,,,40.09173209,29.940525,01-03-2008 00:00,2.0871048,2.844534,3.529574,233.74811,1004.71497,424.77124,0.42148548,300.192,294.65582,71.90009,5.428133,0.001442904,0.005473253
2008,4,,,,,30.28656155,24.458706,01-04-2008 00:00,1.6444616,2.907342,3.3418138,240.57187,1002.39795,457.90356,0.34489322,302.17557,297.50787,76.06607,6.131315,0.000407325,0.005771946
2008,5,,,,,35.22373346,27.218952,01-05-2008 00:00,2.3357754,3.465272,4.1810393,235.56377,997.75366,448.24805,0.38169426,304.18884,298.96268,74.164024,6.138769,0.000271401,0.005966401
2008,6,,,,,27.00080696,22.621725,01-06-2008 00:00,3.7517242,3.4733095,5.1159916,222.99178,996.8815,555.47095,0.9001684,302.34967,298.223,78.51915,4.0218067,0.002949349,0.005904617
2008,7,,,,,30.75067874,24.718182,01-07-2008 00:00,3.8198147,3.3481293,5.0823555,221.46414,996.62427,527.0398,0.95705086,301.63727,298.12534,81.33513,4.064584,0.003789342,0.005901567
2008,8,,,,,27.44260153,22.868721,01-08-2008 00:00,3.5042648,2.8670568,4.5322037,219.81567,997.48987,474.2224,0.8972461,300.9666,298.00397,83.94183,4.0961833,0.00782638,0.005908599
2008,9,,,,,35.90116934,27.597689,01-09-2008 00:00,2.3179846,1.8556805,2.9710975,218.91638,999.99744,405.4939,0.8628878,301.08832,297.78946,82.282585,3.9280005,0.00570624,0.005867108
2008,10,,,,,51.89916238,36.541756,01-10-2008 00:00,-0.8165169,-0.5406422,0.98672247,35.08382,1004.67334,485.9441,0.4365204,300.8276,296.67865,78.157,4.684123,0.002707547,0.005696576
2008,11,,,,,69.72248343,46.506317,01-11-2008 00:00,-2.647561,-2.0803938,3.3738272,39.153023,1006.7866,536.853,0.47744966,298.98907,294.41846,75.90781,4.068296,0.003194602,0.005390882
2008,12,,,,,95.48596892,60.91002,01-12-2008 00:00,-1.4412079,-0.34828794,1.4829863,13.832757,1008.9407,426.813,0.24509615,297.27686,293.3106,78.52092,4.086068,0.000241212,0.005235629
2009,1,,,,,78.46850318,51.395992,01-01-2009 00:00,-0.89249706,0.2966569,0.94323915,341.28107,1010.10004,449.72925,0.1045326,296.9763,292.45706,75.83,4.655232,6.33E-05,0.005286736
2009,2,,,,,70.69178748,47.04823,01-02-2009 00:00,0.99825966,2.2184067,2.4351437,246.39073,1006.9101,401.9265,0.09235531,299.03732,294.287,75.17811,5.321309,1.51E-05,0.005205178
2009,3,,,,,50.2138426,35.599537,01-03-2009 00:00,1.4279153,2.6505632,3.0119324,242.00946,1005.2753,383.82593,0.24367249,300.33344,295.7027,75.96936,5.7435155,8.64E-05,0.005572416
2009,4,,,,,25.19642608,21.612942,01-04-2009 00:00,2.0847397,3.7021484,4.250254,240.87376,1002.1962,502.00537,0.33272636,302.25998,297.96207,77.80616,6.1960177,8.49E-05,0.005857571
2009,5,,,,,44.84424697,32.597534,01-05-2009 00:00,2.254054,3.783782,4.405446,239.2629,998.3682,510.81128,0.40265453,303.14157,299.31097,80.10109,5.7339334,0.000956141,0.006039518
2009,6,,,,,21.05492479,19.297535,01-06-2009 00:00,3.0963573,3.2885323,4.5216885,226.14502,996.1675,471.66724,0.70495653,304.18234,298.67154,72.73335,5.466969,0.001224755,0.005964813
2009,7,,,,,28.55604206,23.491217,01-07-2009 00:00,4.7348633,3.9283495,6.156947,220.01878,996.2168,657.6714,0.9532225,301.5581,297.9178,80.68083,3.6550944,0.008822065,0.005802267
2009,8,,,,,21.84177367,19.737442,01-08-2009 00:00,2.682086,2.1374283,3.4316876,218.50453,998.75854,422.79053,0.92478263,301.98242,298.26096,80.352165,4.285012,0.003633736,0.005829374
2009,9,,,,,45.44203154,32.93174,01-09-2009 00:00,1.7413651,1.6691468,2.4135501,223.97852,999.1614,407.09253,0.7910318,301.7956,298.61517,82.95191,4.3881097,0.009509239,0.005781789
2009,10,,,,,57.19958296,39.505085,01-10-2009 00:00,0.2619967,0.6069137,0.6627116,244.2622,1004.13043,380.9757,0.44267076,300.86115,296.40323,76.71145,4.69258,0.002104252,0.005665822
2009,11,,,,,53.26781406,37.306934,01-11-2009 00:00,-2.0269318,-1.2439728,2.3845196,32.865524,1007.3617,464.8479,0.5605873,298.92365,295.31342,80.48194,3.7995205,0.004111491,0.005399658
2009,12,,,,,83.36295625,54.132355,01-12-2009 00:00,-2.2292824,-1.6221647,2.7600007,36.942764,1009.59973,507.33594,0.3646729,296.86877,291.9041,73.726685,4.2970223,3.32E-05,0.005350241
2010,1,,,,,65.41781956,44.09969,01-01-2010 00:00,-1.8815546,-0.8727846,2.074416,25.20703,1010.5409,435.09253,0.3395288,296.5922,291.94025,75.13704,4.303713,0.001721985,0.005273353
2010,2,,,,,76.80716411,50.46718,01-02-2010 00:00,0.6788885,1.6348667,1.7702674,247.45245,1008.4597,358.70593,0.34001625,297.963,293.3274,75.495544,5.242811,2.06E-05,0.005340917
2010,3,,,,,44.78444455,32.5641,01-03-2010 00:00,2.36374,3.5869646,4.296803,236.81636,1005.65704,433.3457,0.29159105,301.0165,296.95947,78.7016,5.791671,8.20E-05,0.005546662
2010,4,,,,,13.26221479,14.940831,01-04-2010 00:00,3.3068495,4.743493,5.7837462,235.27205,1003.0768,555.95483,0.340029,302.55115,299.0539,81.613815,6.170289,4.07E-05,0.005820237
2010,5,,,,,20.3581963,18.908012,01-05-2010 00:00,1.7470865,3.5707512,3.97552,243.93994,998.5089,521.81946,0.44984156,303.2547,299.61118,80.92743,5.534298,0.005312661,0.005925716
2010,6,,,,,26.1745465,22.159784,01-06-2010 00:00,2.4201984,2.9857311,3.8451374,231.07297,997.3585,491.74426,0.7920598,302.8,299.5692,82.84343,4.523741,0.005303048,0.005861365
2010,7,,,,,18.10816627,17.650078,01-07-2010 00:00,3.6357431,3.0641642,4.7623615,220.87068,997.37616,510.8147,0.9023664,300.9477,298.29944,85.52794,3.460181,0.014211603,0.005865043
2010,8,,,,,13.583571,15.120493,01-08-2010 00:00,1.7981138,2.0017757,2.69294,228.40437,998.3463,463.66138,0.85154724,301.24008,298.3737,84.45323,3.855136,0.011240549,0.005817777
2010,9,,,,,25.18540429,21.60678,01-09-2010 00:00,2.0485039,1.7819338,2.7174847,221.52289,999.9265,420.69214,0.77983004,301.20715,298.20844,83.78768,4.170387,0.007628899,0.005795677
2010,10,,,,,36.47249589,27.917103,01-10-2010 00:00,-0.46796757,-0.62825346,0.7929699,54.01374,1001.4196,422.0503,0.8064377,300.33295,297.27573,83.39574,3.6527042,0.013771519,0.005707178
2010,11,,,,,41.38651703,30.664406,01-11-2010 00:00,-2.0894766,-1.2818432,2.4630544,33.172516,1006.1744,430.91406,0.5161095,299.17227,296.11725,83.27565,3.7707672,0.007645633,0.005509254
2010,12,,,,,58.57870194,40.276115,01-12-2010 00:00,-1.959446,-1.8049841,2.6695082,43.762745,1006.05585,461.72388,0.40813392,296.24402,291.7633,75.9046,3.8727968,0.005186901,0.005259768
2011,1,,,,,74.01060924,48.903698,01-01-2011 00:00,-1.5292454,-1.0259657,1.8420072,34.32425,1008.05255,360.41504,0.22313857,295.7945,291.3623,76.05253,4.6884556,4.26E-05,0.00542064
2011,2,,,,,74.29034843,49.060093,01-02-2011 00:00,-0.6477262,0.31171894,0.7224162,333.53952,1007.277,384.5415,0.16034776,297.61334,292.9288,75.16109,5.1931534,0.000403806,0.005339318
2011,3,,,,,38.23994786,28.90524,01-03-2011 00:00,1.3520072,2.6559448,2.9804332,243.05061,1005.19226,407.92786,0.123066485,300.0116,295.30823,75.49847,5.9844975,7.72E-05,0.005919093
2011,4,,,,,20.16251749,18.798613,01-04-2011 00:00,1.1082987,2.6125317,2.8381505,246.84647,1004.1251,492.5542,0.3770268,301.0957,297.1346,79.08961,5.619671,0.001474684,0.005840393
2011,5,,,,,44.85196687,32.60185,01-05-2011 00:00,2.762474,4.0231657,4.8809004,235.3971,999.41943,503.05908,0.28532016,303.25235,299.76257,81.701836,5.8518133,0.000657099,0.006007987
2011,6,,,,,24.69868903,21.33467,01-06-2011 00:00,3.6512117,3.1451254,4.8211865,220.65013,996.0221,510.00684,0.8683474,302.85852,298.51343,77.56944,4.445588,0.0022701,0.005838013
2011,7,,,,,20.88735672,19.203852,01-07-2011 00:00,2.8657284,2.8386793,4.0370197,225.09683,996.7361,481.31738,0.79984397,301.39313,298.23572,83.02272,4.147483,0.006546389,0.005747408
2011,8,,,,,36.46643229,27.913713,01-08-2011 00:00,3.5172396,3.1019573,4.6933007,221.85773,997.64343,483.9287,0.95897627,301.0617,298.2046,84.48003,3.5241852,0.007357072,0.005740908
2011,9,,,,,38.19199001,28.878428,01-09-2011 00:00,3.0730028,2.2122316,3.7877526,215.79141,999.09247,426.74023,0.80177504,301.56702,298.26538,82.326294,3.964182,0.004378122,0.005809433
2011,10,,,,,53.60211846,37.493835,01-10-2011 00:00,-0.9725075,-0.6177095,1.1612777,34.06285,1004.4169,433.94153,0.4803158,301.08575,296.47522,76.04663,4.763035,0.002030856,0.005748584
2011,11,,,,,55.27201274,38.42743,01-11-2011 00:00,-1.861536,-1.0258036,2.1308248,30.119507,1007.5132,461.16675,0.18726218,298.65778,293.43988,72.88284,4.712602,0.000221899,0.005553582
2011,12,,,,,82.15884442,53.459167,01-12-2011 00:00,-2.6848211,-1.725419,3.1923733,33.16888,1008.1004,517.55225,0.4558341,296.97083,292.31747,75.19162,3.9329782,0.001324561,0.005277828
2012,1,,,,,44.58986397,32.455315,01-01-2012 00:00,-0.82155895,0.27768713,0.8726393,339.35132,1008.8985,444.65796,0.1989584,296.29727,291.60675,74.91124,4.44826,0.000212838,0.005220238
2012,2,,,,,76.97611124,50.561634,01-02-2012 00:00,-0.109102726,1.1128511,1.119216,275.7727,1006.8507,353.03223,0.21715397,297.83514,292.44687,72.13208,5.407449,1.66E-05,0.005400952
2012,3,,,,,33.18619575,26.079817,01-03-2012 00:00,1.80165,3.1007833,3.5894825,240.4097,1004.872,459.66504,0.19976534,300.5647,296.33862,77.84866,5.8500357,7.71E-05,0.005654904
2012,4,,,,,11.63587644,14.031587,01-04-2012 00:00,2.5568647,3.897376,4.661997,236.81113,1002.96014,533.3855,0.38813823,302.24063,297.80884,77.16542,6.0995913,0.000181174,0.00602027
2012,5,,,,,44.70231772,32.518185,01-05-2012 00:00,1.8287725,3.527792,3.9743695,242.44974,998.28796,449.82056,0.40196884,303.3564,299.98578,82.383575,6.0617867,0.000355904,0.006198827
2012,6,,,,,31.17125253,24.953314,01-06-2012 00:00,3.7833815,3.2715302,5.0044556,220.87872,995.40265,490.64648,0.84133923,303.5085,298.383,74.220665,4.7041755,0.002899778,0.005987892
2012,7,,,,,26.91123926,22.57165,01-07-2012 00:00,4.3451767,3.5091743,5.59077,219.45615,996.0506,530.7356,0.90609574,301.10956,298.18207,84.13162,3.8746903,0.007251665,0.005926543
2012,8,,,,,34.41042834,26.764254,01-08-2012 00:00,3.9088364,3.233715,5.0782146,220.13736,997.8109,518.64307,0.83669627,300.7881,298.08865,85.250565,3.9321795,0.008724935,0.005903295
2012,9,,,,,34.07859589,26.578735,01-09-2012 00:00,2.2448769,1.5753856,2.7436104,215.40387,1000.22845,438.71265,0.8675791,300.97333,298.1831,84.80879,3.7291727,0.006055597,0.005865437
2012,10,,,,,67.45012541,45.2359,01-10-2012 00:00,-1.1138983,-0.47185546,1.2219002,24.894484,1005.42505,491.44727,0.50389594,300.38495,296.40674,78.898834,4.661521,0.003828732,0.005656692
2012,11,,,,,45.82044277,33.1433,01-11-2012 00:00,-1.1783695,-0.9875269,1.5418185,41.092175,1006.6274,430.94116,0.5783667,298.2141,294.04153,77.6646,3.8205166,0.005653117,0.005349232
2012,12,,,,,59.45512389,40.7661,01-12-2012 00:00,-1.5184479,-0.89157486,1.7623062,31.291742,1008.41785,416.2649,0.33668363,296.8137,292.47006,76.631775,4.361579,1.66E-05,0.004969892
2013,1,,,,,78.25959714,51.279198,01-01-2013 00:00,-1.2016516,0.117512465,1.209828,353.62137,1009.9717,426.62842,0.21382195,296.72314,292.59363,77.647125,4.4188924,0.000276641,0.004989002
2013,2,,,,,72.46144131,48.037598,01-02-2013 00:00,-1.4410391,-0.2515719,1.4633248,9.628539,1008.78094,400.74023,0.2689237,297.7431,292.85495,74.24231,5.0589046,0.000178108,0.005042461
2013,3,,,,,43.8936864,32.0661,01-03-2013 00:00,1.4895282,2.5652695,2.9671884,240.10913,1006.41077,410.03955,0.21598119,300.13684,295.12943,74.18677,5.924329,1.92E-05,0.005447428
2013,4,,,,,17.85874326,17.510632,01-04-2013 00:00,2.4181309,3.4373913,4.20391,235.07108,1003.0929,478.02026,0.26517588,301.68286,297.72598,79.24443,5.970711,0.00156681,0.005827415
2013,5,,,,,27.87336895,23.109552,01-05-2013 00:00,2.8272343,4.082185,4.9670205,235.262,997.8687,547.6821,0.5394687,303.57883,299.2868,78.017555,5.67868,0.000139436,0.00594124
2013,6,,,,,29.82464801,24.200462,01-06-2013 00:00,3.602231,3.110671,4.76631,221.37515,995.7312,561.6592,0.78889906,302.10864,298.36084,80.24543,4.26984,0.00724927,0.005908685
2013,7,,,,,23.33444643,20.571957,01-07-2013 00:00,4.74051,3.419199,5.8544602,216.59496,994.89795,627.7449,0.90185875,301.09238,297.66443,81.65286,3.7320008,0.006968185,0.006008805
2013,8,,,,,26.98427069,22.61248,01-08-2013 00:00,2.8649502,2.1517878,3.5866084,217.45987,997.7354,455.94067,0.8396994,301.21277,297.97797,82.61533,4.2962046,0.005072773,0.006061201
2013,9,,,,,29.82712889,24.201849,01-09-2013 00:00,1.5220473,1.3923967,2.0640726,222.59456,999.9629,396.52295,0.7302172,301.2192,298.20892,83.72869,4.2207937,0.007058252,0.005943153
2013,10,,,,,30.39266909,24.518028,01-10-2013 00:00,-0.09153354,0.4388042,0.45173383,288.56537,1003.2136,453.39453,0.74177265,300.09775,297.1956,84.15068,3.5371044,0.012810569,0.005799534
2013,11,,,,,66.86143802,44.90678,01-11-2013 00:00,-2.5834846,-2.3736877,3.5157917,43.705524,1007.7262,512.04297,0.5443827,298.35187,293.68903,75.368324,4.088677,0.002524257,0.005533067
2013,12,,,,,55.15018636,38.35932,01-12-2013 00:00,-2.1470432,-2.2076788,3.0847754,46.826046,1008.83936,545.07764,0.35033703,296.50168,290.98694,71.16139,4.0588064,0.000382295,0.005320459
2014,1,,,,,81.13883333,52.888905,01-01-2014 00:00,-2.1588345,-1.063695,2.4079068,26.805326,1011.13416,501.13208,0.25495332,296.48373,292.26367,77.179184,4.324851,0.000358476,0.005249499
2014,2,,,,,66.15699321,44.512943,01-02-2014 00:00,-0.19736654,1.0878677,1.1097655,279.79056,1008.02106,509.62866,0.20149213,297.40387,292.19186,72.69488,5.265602,5.18E-05,0.005524281
2014,3,,,,,57.42805884,39.63282,01-03-2014 00:00,0.71769893,1.9439049,2.0723152,249.63531,1007.5566,428.19385,0.2827717,300.12823,294.7577,72.54765,5.599253,0.000112642,0.005665997
2014,4,,,,,41.39010152,30.66641,01-04-2014 00:00,2.383686,3.5079126,4.242523,236.05469,1004.23126,420.79614,0.25857234,302.0396,297.81378,78.11379,6.169991,5.42E-05,0.00590809
2014,5,,,,,41.57282857,30.768568,01-05-2014 00:00,2.4736996,3.4415216,4.2390246,234.24713,1000.75037,507.25537,0.46180636,302.90533,299.24866,80.89891,5.7709956,0.002480762,0.006140295
2014,6,,,,,41.34930909,30.643604,01-06-2014 00:00,2.5350676,2.1870708,3.3560667,220.1021,995.82275,462.4287,0.6772277,304.05136,298.8625,74.00976,4.879592,0.001900557,0.006135439
2014,7,,,,,28.01999168,23.191525,01-07-2014 00:00,4.237341,3.0634413,5.2351,216.46027,995.96704,529.834,0.92944646,301.68802,298.20996,81.4824,3.3941684,0.00834249,0.0059669
2014,8,,,,,24.77750861,21.378736,01-08-2014 00:00,2.8583307,2.3572092,3.7076244,219.89798,998.66473,468.4109,0.8654038,301.46683,298.2917,82.938675,4.1221356,0.004977603,0.00585748
2014,9,,,,,41.95811903,30.983974,01-09-2014 00:00,2.2954597,1.9454775,3.0110707,220.73056,1000.50775,425.92432,0.69965994,301.1272,298.10944,83.68102,4.080441,0.006155282,0.00586344
2014,10,,,,,57.8282382,39.85655,01-10-2014 00:00,-1.1685953,-1.0700092,1.5916905,43.99085,1004.9612,541.4409,0.5134624,300.6197,296.77386,79.5646,4.403008,0.008557931,0.005773947
2014,11,,,,,74.8892384,49.394917,01-11-2014 00:00,-2.0188065,-1.5027285,2.5207312,37.69337,1007.56476,471.13867,0.62359506,299.02173,294.2831,75.12577,4.323777,0.000862975,0.005561089
2014,12,,,,,60.15212782,41.155777,01-12-2014 00:00,-2.648096,-2.069518,3.3627582,38.590096,1009.3097,575.01904,0.58621037,296.73,291.2824,71.50281,4.101129,0.001445704,0.00544086
2015,1,,,,,58.3069581,40.12419,01-01-2015 00:00,-1.7213259,-0.9627228,1.9726193,29.44005,1010.3162,463.4502,0.17226398,296.2239,291.17953,73.25337,4.472078,0.000217405,0.005419042
2015,2,,,,,61.50259051,41.910786,01-02-2015 00:00,-0.023801923,1.2197602,1.222633,270.90173,1009.23236,461.12427,0.28812084,297.8222,292.7106,73.28141,5.268462,5.99E-05,0.005495061
2015,3,,,,,37.53357129,28.510323,01-03-2015 00:00,0.7352753,2.32868,2.4421759,252.54143,1008.0431,466.1582,0.28641975,300.45285,295.5008,74.49172,5.640378,0.00023908,0.005767655
2015,4,,,,,17.03634096,17.050848,01-04-2015 00:00,2.190467,3.5127153,4.1400623,238.01654,1004.5663,577.0432,0.24887604,301.76266,297.3672,77.202415,5.8679867,0.000847463,0.006024102
2015,5,,,,,30.19533397,24.407703,01-05-2015 00:00,2.4163733,3.9830303,4.659721,238.94888,1000.3994,529.08325,0.43492866,303.60928,299.35196,78.20477,6.014862,0.000486238,0.006146079
2015,6,,,,,41.21674353,30.56949,01-06-2015 00:00,3.282443,2.7437258,4.2805586,220.21907,997.4523,544.2368,0.8908211,301.96405,298.76086,82.86064,4.0216784,0.010207199,0.006198871
2015,7,,,,,34.81087958,26.988136,01-07-2015 00:00,3.4542513,2.7370615,4.409605,218.16522,997.42065,476.78418,0.9116322,302.88177,298.7406,78.50627,4.5441365,0.002062208,0.006091057
2015,8,,,,,25.10713205,21.56302,01-08-2015 00:00,3.257966,2.5865068,4.1621714,218.72751,999.0337,444.65063,0.85585517,301.78836,298.57968,82.81569,4.141091,0.006286301,0.006043628
2015,9,,,,,50.31802732,35.657784,01-09-2015 00:00,1.8215127,1.585603,2.4164648,221.55336,1001.364,403.22144,0.8015202,301.49973,298.7328,84.98041,3.9816914,0.013642211,0.005977426
2015,10,,,,,66.67072277,44.800156,01-10-2015 00:00,-0.4273219,-0.10387701,0.4658451,105.26665,1006.1,415.5298,0.43653524,301.323,297.3369,78.99147,4.669306,0.004856354,0.00598183
2015,11,,,,,74.89860567,49.400154,01-11-2015 00:00,-2.9128056,-2.5876236,3.9073858,42.82551,1007.97205,568.5925,0.56136453,298.8233,294.8734,78.8181,3.7179432,0.01179345,0.005596191
2015,12,,,,,40.76393074,30.316334,01-12-2015 00:00,-0.8693857,-0.19190961,0.8928658,13.580738,1010.14886,400.81372,0.41272128,297.90088,293.8116,78.0155,3.9395862,0.000373491,0.005530747
2016,1,,,,,68.05783174,45.575653,01-01-2016 00:00,-0.24383646,0.471309,0.54385626,294.62732,1010.4229,440.04004,0.3965665,297.17218,292.55612,75.39993,4.3365593,0.000126577,0.005468448
2016,2,,,,,55.30700808,38.446995,01-02-2016 00:00,0.70994234,2.226243,2.3369899,252.14127,1009.33484,451.91602,0.4371028,299.37015,294.60583,75.1031,5.0014753,0.000223223,0.005374961
2016,3,,,,,38.02855915,28.787058,01-03-2016 00:00,1.761713,3.113512,3.5784059,240.74658,1007.1612,478.33594,0.40724152,300.9671,296.29294,75.804665,5.6423645,3.96E-05,0.005511599
2016,4,,,,,16.17645528,16.570108,01-04-2016 00:00,3.42523,4.5948944,5.733447,233.57513,1003.19855,499.75537,0.18007374,302.54092,298.57217,79.42096,6.27692,2.32E-05,0.005702642
2016,5,,,,,20.16444746,18.799692,01-05-2016 00:00,1.9864492,2.9768066,3.579819,236.00023,999.75385,495.2754,0.48652148,303.53784,299.3066,78.243805,5.6962223,0.006094135,0.005857825
2016,6,,,,,37.85988569,28.692757,01-06-2016 00:00,2.4665432,2.3451853,3.4075124,223.98174,997.5267,434.26123,0.86625016,302.31003,299.07214,82.72827,4.243408,0.009553026,0.005954353
2016,7,,,,,23.70072332,20.776733,01-07-2016 00:00,3.691431,3.1235476,4.8405247,220.62845,997.7672,571.32886,0.9007801,301.77386,298.43353,82.16367,4.1070995,0.006410465,0.005892483
2016,8,,,,,23.54115061,20.68752,01-08-2016 00:00,3.1676273,2.2429657,3.8846703,215.69249,997.45935,539.63794,0.8509303,302.17548,298.36145,79.9283,4.1925,0.004547164,0.005941211
2016,9,,,,,38.60263846,29.108011,01-09-2016 00:00,1.3090456,1.3671736,1.8965197,226.61285,999.3657,409.82422,0.8476459,301.2707,298.31094,83.988205,3.6231313,0.011833761,0.005816772
2016,10,,,,,62.16046012,42.278584,01-10-2016 00:00,0.25386262,-0.19684368,0.34396106,139.3869,1003.0779,398.10205,0.643793,301.24683,296.31277,74.59379,4.5738096,0.002122094,0.005772449
2016,11,,,,,93.56141798,59.834053,01-11-2016 00:00,-1.4342194,-1.3338118,1.9618984,43.752266,1007.3468,452.54297,0.27750647,298.65894,293.07233,71.23731,4.646291,0.001046005,0.00539988
2016,12,,,,,77.52676433,50.86949,01-12-2016 00:00,-2.237072,-1.4987745,2.6934185,34.21753,1008.6847,480.1006,0.2663617,297.33502,292.35785,73.75264,4.1458535,0.000524231,0.005198498
2017,1,,,,,82.50858325,53.654697,01-01-2017 00:00,-1.9618349,-0.842206,2.1350894,23.42769,1009.9485,452.4231,0.21896219,296.69342,291.9019,74.51373,4.558466,0.000181757,0.005300615
2017,2,,,,,70.02813152,46.677197,01-02-2017 00:00,0.18952766,1.6081619,1.6205915,263.80023,1009.2149,419.4048,0.13582033,298.361,293.86856,76.2272,5.2821712,4.14E-05,0.005514605
2017,3,,,,,31.64391241,25.217566,01-03-2017 00:00,2.094346,3.4926357,4.0729675,239.12521,1005.57043,521.9595,0.2568547,300.71628,296.60266,78.382935,5.54362,0.000699255,0.005797604
2017,4,,,,,30.49243937,24.573807,01-04-2017 00:00,2.7353811,4.4846153,5.2536864,238.66182,1002.6406,518.56665,0.22608793,302.3832,298.88287,81.59183,6.0982666,0.000102209,0.006027117
2017,5,,,,,33.36699103,26.180895,01-05-2017 00:00,1.8890085,3.5701866,4.0402493,242.13158,1000.3202,495.21606,0.40419233,303.5453,299.62253,79.775925,6.0711555,0.000139704,0.006008963
2017,6,,,,,34.81969952,26.993067,01-06-2017 00:00,3.4374943,3.1096191,4.6391983,222.54607,997.33923,496.4563,0.8537705,302.47684,299.05295,81.8564,3.8269439,0.005504318,0.005993563
2017,7,,,,,38.45712292,29.026657,01-07-2017 00:00,4.027134,3.1153898,5.0959387,218.18503,997.29596,506.3877,0.976075,302.05185,298.65796,81.94092,3.8266454,0.005100211,0.005917911
2017,8,,,,,33.79610393,26.420801,01-08-2017 00:00,2.6723642,2.226694,3.4811115,220.19125,997.95746,413.0022,0.86074716,301.92947,298.79785,83.2053,3.9962628,0.006027393,0.005852134
2017,9,,,,,43.02415978,31.57997,01-09-2017 00:00,1.5077811,1.7099934,2.2804866,228.54295,1001.2202,421.5957,0.72907114,301.91068,298.76135,83.11564,4.382444,0.00444755,0.005775595
2017,10,,,,,51.5309591,36.335903,01-10-2017 00:00,0.09298235,0.26787567,0.29121047,246.34653,1003.0243,426.8435,0.62284225,301.19864,297.42816,80.00311,4.2601047,0.003900402,0.005766011
2017,11,,,,,72.86933341,48.26564,01-11-2017 00:00,-2.8028002,-2.7604418,3.9372854,45.19157,1006.4561,568.687,0.4979208,299.29468,294.52325,75.025314,4.1891985,0.002730267,0.005637613
2017,12,,,,,105.548531,66.53574,01-12-2017 00:00,-2.304761,-1.5984755,2.806584,35.331566,1009.3666,483.2661,0.29852718,296.89594,291.70966,72.73637,4.17386,0.000146235,0.00530017
2018,1,,,,,99.28406149,63.033436,01-01-2018 00:00,-1.2890577,-0.012878358,1.2921346,179.24142,1008.3352,418.70215,0.18650848,296.26782,291.2889,73.56797,4.6240396,3.95E-05,0.005492223
2018,2,,,,,78.48174113,51.403393,01-02-2018 00:00,0.040123947,1.213829,1.2155116,268.52,1008.9865,348.8169,0.34124434,297.85727,291.51196,68.10243,5.360709,1.35E-06,0.005556355
2018,3,,,,,53.91823922,37.67057,01-03-2018 00:00,1.7734375,3.0149927,3.499969,239.89401,1005.69403,412.66504,0.31250554,300.57617,295.6952,75.01529,5.7576313,2.57E-05,0.005763365
2018,4,,,,,18.52267467,17.881819,01-04-2018 00:00,2.3676987,3.9241657,4.583647,238.90509,1003.7825,574.39795,0.2470265,302.11328,297.72903,77.35099,5.994298,0.000237098,0.006094623
2018,5,,,,,13.30107725,14.962558,01-05-2018 00:00,2.4512405,3.9511309,4.6505814,238.09436,1001.18335,598.6199,0.44912195,302.90594,299.11917,80.24818,5.925413,0.000305896,0.006262141
2018,6,,,,,31.5962336,25.19091,01-06-2018 00:00,3.3439026,3.2926455,4.6951566,224.53047,996.8742,527.12305,0.82836217,302.96387,298.86258,78.72441,4.448996,0.005394731,0.006094066
2018,7,,,,,38.55055058,29.07889,01-07-2018 00:00,4.8051205,3.4083214,5.8981304,215.9759,995.7138,554.0513,0.9631761,301.60602,298.17346,81.69337,3.5345562,0.007869612,0.006019427
2018,8,,,,,22.5128705,20.112635,01-08-2018 00:00,4.608733,2.6598377,5.3262196,210.65189,996.0459,492.4817,0.884834,301.51022,297.99957,81.29845,3.6675153,0.009908419,0.006038391
2018,9,,,,,51.7690795,36.46903,01-09-2018 00:00,2.2008715,1.67799,2.7684,217.50377,1001.7269,420.3152,0.63033324,301.54352,298.0031,81.1587,4.467062,0.004119282,0.005983531
2018,10,,,,,64.9487406,43.83744,01-10-2018 00:00,-0.71187115,-0.58761823,0.9292902,41.06674,1005.85425,490.0786,0.43768144,301.1286,296.28867,75.00159,4.874609,0.001736463,0.005760954
2018,11,,,,,65.85685958,44.345146,01-11-2018 00:00,-2.0935507,-0.982049,2.3144457,25.903988,1008.61566,503.09546,0.45353597,299.57568,294.39243,73.218895,4.5039926,0.000412368,0.005413577
2018,12,,,,,101.6101637,64.3339,01-12-2018 00:00,-2.6798525,-1.8735542,3.2716315,35.43931,1009.60016,553.21606,0.42791682,296.8549,291.9989,74.22777,3.758176,0.003929598,0.005159011
2019,1,118.0908326,115.7534861,79.12181983,67.47311828,114.0206068,71.27226,01-01-2019 00:00,-1.8235855,-1.0918217,2.1258545,31.120182,1011.32074,405.59473,0.17423204,295.68555,291.24496,75.99864,4.571215,4.49E-05,0.005278897
2019,2,69.61515748,68.49132625,42.98573651,66.48065476,71.51005079,47.5057,01-02-2019 00:00,-0.21700901,1.1147423,1.1396148,280.5865,1009.5663,415.364,0.13885236,298.21405,293.49402,75.16993,5.196878,0.000161501,0.005375012
2019,3,31.48061692,31.11241769,16.73725314,71.43817204,34.29329365,26.698767,01-03-2019 00:00,1.333164,2.768937,3.074171,244.46667,1006.8937,471.1311,0.17706692,300.73825,296.54175,77.99726,5.591422,0.000486245,0.005538442
2019,4,27.39570425,26.70169803,10.77391499,75.65972222,23.52378798,20.677813,01-04-2019 00:00,2.4059935,3.5995102,4.330862,236.31615,1003.9551,482.18774,0.18999135,302.24158,297.97705,78.00389,6.238,0.000129607,0.005843944
2019,5,41.31415563,40.58851004,21.08091537,71.9422043,37.48092891,28.480892,01-05-2019 00:00,2.7000866,3.869525,4.7188215,235.16464,1000.6185,538.68823,0.32646227,303.27734,299.7942,81.7973,5.765004,0.000822628,0.006004038
2019,6,40.06235879,39.28964482,21.46289338,69.40972222,31.65300601,25.22265,01-06-2019 00:00,2.8369818,3.4587831,4.474817,230.67268,997.7217,511.92773,0.79134303,303.29294,299.426,79.90281,4.878564,0.003536597,0.006081822
2019,7,31.04444444,31.05499076,11.42372727,72.71505376,27.51784198,22.910786,01-07-2019 00:00,3.967434,3.6417503,5.3905697,223.01582,997.5883,614.4092,0.8539891,301.76288,298.5398,82.73991,3.9050305,0.007405266,0.005933819
2019,8,33.53158573,32.8172936,12.41065308,68.78360215,26.74394486,22.47812,01-08-2019 00:00,3.9697657,3.1176472,5.0533824,218.69827,997.3065,522.8015,0.8653244,301.52124,298.57867,84.1037,3.6573884,0.010947827,0.005892843
2019,9,25.82911392,25.32982456,22.17545045,59.375,27.05262297,22.650694,01-09-2019 00:00,2.256978,2.5194445,3.3859766,228.56053,1001.5882,495.71802,0.8065952,300.9115,298.1794,85.09745,3.7520428,0.008409333,0.005691641
2019,10,32.40539262,32.40582726,28.15787151,64.58333333,33.7147981,26.375345,01-10-2019 00:00,-0.4692549,-0.02897209,0.49664754,97.77787,1005.9193,414.7627,0.7080616,300.5319,297.64703,84.28369,3.9284291,0.008454386,0.005735036
2019,11,70.66183775,69.54164661,65.36810418,72.11805556,69.93056489,46.62265,01-11-2019 00:00,-1.9636631,-1.4794397,2.461854,37.949657,1007.7109,488.92554,0.31730008,299.5501,295.10297,76.56224,4.525832,0.000189145,0.005530745
2019,12,56.40807852,55.33945365,66.85321888,75.03360215,73.00410977,48.34099,01-12-2019 00:00,-2.711647,-1.5751829,3.1388721,30.926548,1010.37213,571.6094,0.40939438,297.45694,292.9817,76.10809,3.7322626,0.00053991,0.005337816
2020,1,59.94277597,58.6442577,49.95189394,71.97580645,77.95119807,51.10678,01-01-2020 00:00,-1.4494839,-0.29768258,1.480943,10.967373,1009.9858,428.35547,0.33025414,296.97992,293.4026,80.3915,4.0439935,0.00128384,0.005374386
2020,2,45.59276399,44.96577947,30.02169358,75.57471264,71.69884143,47.611248,01-02-2020 00:00,-1.0647802,0.5467873,1.1975291,332.60254,1010.20294,501.5149,0.27664447,298.1645,293.70386,76.29212,4.7342844,0.001292617,0.005618135
2020,3,28.74989107,27.81641574,22.10620155,69.18682796,36.81507468,28.10863,01-03-2020 00:00,0.8798596,2.2651377,2.4308016,248.43079,1007.16077,473.91187,0.19467461,300.54572,295.6353,74.64336,5.597409,0.000370724,0.005777815
2020,4,17.0251878,16.55577016,14.92875458,71.90972222,22.33234888,20.01171,01-04-2020 00:00,2.2623434,3.4867115,4.157099,237.05186,1005.35864,515.9463,0.23102164,302.18298,297.83298,77.50604,6.0354624,0.000946323,0.006015038
2020,5,19.64773248,19.19162562,23.27977473,68.21236559,23.77596376,20.818798,01-05-2020 00:00,1.3961058,3.0246782,3.3314636,245.21011,1001.19653,573.2412,0.42280698,303.29803,299.06165,78.18728,5.9449997,0.000147394,0.006069112
2020,6,23.68718802,22.62750583,29.70194089,74.47916667,25.21020779,21.620647,01-06-2020 00:00,2.6529274,3.0925417,4.0769653,229.59454,998.1436,509.63574,0.85365194,302.60986,299.21088,82.00256,4.504585,0.00506179,0.005962902
2020,7,25.70037453,25.20458404,25.87489911,79.16666667,17.81740349,17.48752,01-07-2020 00:00,3.113922,3.1189203,4.4102917,225.44508,998.81287,504.1687,0.8421281,301.71338,298.85367,84.5373,4.2604036,0.006912757,0.005887007
2020,8,25.07619048,24.52620968,23.46766776,66.66666667,22.57846464,20.149307,01-08-2020 00:00,4.916336,3.519105,6.0549335,216.32387,997.25433,592.2317,0.90080947,301.43115,298.49857,84.14063,3.3983984,0.009956718,0.005859201
2020,9,29.46062831,29.20604396,29.63320279,75.83333333,27.5478845,22.927582,01-09-2020 00:00,1.2200786,1.6113613,2.022441,233.03401,999.76587,452.09668,0.70265746,301.76266,298.63422,83.20174,4.4529877,0.005468324,0.005826816
2020,10,48.72965642,47.86377246,34.94716261,67.33870968,49.72740101,35.32758,01-10-2020 00:00,-0.94332695,-0.9006319,1.3079827,44.399685,1001.3855,370.27417,0.73593163,300.7328,297.36108,81.88231,3.5510695,0.013243269,0.005722108
2020,11,60.66364461,59.70090634,58.22497648,68.95833333,56.90109849,39.33821,01-11-2020 00:00,-2.4850674,-2.493515,3.528815,46.28867,1008.5819,526.10767,0.47823107,299.22815,294.6106,75.71897,4.0457745,0.006298862,0.005640899
2020,12,95.51878287,94.19991582,66.3876947,79.83870968,84.71148717,54.886284,01-12-2020 00:00,-2.1028357,-1.7949848,2.7684207,41.53212,1009.4759,427.13403,0.22512257,296.68295,292.05646,75.270805,4.4683104,5.98E-05,0.005372837
2021,1,82.81056394,81.64543812,33.7704387,74.39516129,90.85691169,58.322033,01-01-2021 00:00,-1.163724,-0.1455015,1.1742296,7.139247,1008.4405,411.85376,0.29608333,297.3314,293.47864,79.08469,4.3545756,0.000373173,0.005428861
2021,2,64.22106755,62.55596817,25.32826511,70.1264881,77.790799,51.017105,01-02-2021 00:00,-0.49393767,0.46510947,0.6832789,316.33362,1008.9313,428.73926,0.1450122,297.57016,292.34918,72.72782,5.2897134,5.01E-05,0.005842405
2021,3,50.2966466,49.18014528,13.74585366,69.38844086,42.74001151,31.42111,01-03-2021 00:00,1.6196668,2.7020922,3.152588,239.53876,1005.9981,354.13623,0.17857158,300.5111,295.68005,75.1643,5.9494443,1.71E-05,0.00563509
2021,4,32.87624405,32.43313668,11.20890818,70.625,31.82774128,25.32034,01-04-2021 00:00,1.5201685,3.215415,3.558137,244.95143,1004.4111,492.1577,0.26073354,301.92664,297.95703,79.23445,5.9858313,0.000165483,0.006041323
2021,5,24.3580143,23.30383341,13.52794695,71.00134409,22.57295196,20.146225,01-05-2021 00:00,2.0609903,2.970954,3.616697,235.08821,1000.60034,547.5852,0.45693827,303.22815,298.717,76.878006,5.399102,0.001815236,0.006059135
2021,6,31.76529434,31.25338576,11.49511609,79.47916667,34.97183135,27.07812,01-06-2021 00:00,3.7321682,3.4640188,5.09471,223.08728,998.5499,627.36426,0.7289095,302.75482,298.554,78.2003,4.6715245,0.003662376,0.006027156
2021,7,25.5622844,25.17762596,8.411948677,78.69623656,29.16981199,23.83436,01-07-2021 00:00,3.4519024,3.153903,4.6813197,223.00044,997.3904,560.47974,0.89951676,301.66168,298.34442,82.26218,4.103744,0.006163441,0.006029908
2021,8,30.45087648,30.02796572,8.171597096,74.49596774,28.06657046,23.217566,01-08-2021 00:00,2.724556,2.4823923,3.6885335,222.52315,999.2989,461.21118,0.7667466,301.95676,298.53314,81.77963,4.5409584,0.006623451,0.006007589
2021,9,25.62958716,25.10598291,14.09609815,81.25,32.72345405,25.82111,01-09-2021 00:00,2.4469652,2.413375,3.4412541,225.37914,999.33777,486.37305,0.86982036,301.3895,298.4125,83.91668,3.7977319,0.012084499,0.005928154
2021,10,47.61300682,46.89247312,25.59622483,75,53.31466293,37.333126,01-10-2021 00:00,-0.64064777,-0.25704402,0.6988017,23.922144,1003.44885,423.67456,0.5377895,301.40515,297.81873,80.91748,4.34569,0.005407248,0.005880223
2021,11,52.14648858,51.95059952,39.26327454,72.39583333,51.50063576,36.31895,01-11-2021 00:00,-3.2135315,-2.4732027,4.0667014,38.830444,1006.4394,531.864,0.70326245,299.26135,295.8906,81.70581,3.2127693,0.009060428,0.005586478
2021,12,61.0651341,60.02896671,35.16781509,77.72177419,68.88988571,46.040833,01-12-2021 00:00,-2.0659647,-2.2680616,3.0698597,48.23101,1010.045,487.73828,0.4042259,297.0602,292.7643,76.90055,3.7266026,0.002544911,0.005553503
2022,1,65.99853855,65.74404273,27.27142232,81.78763441,61.1032411,41.68752,01-01-2022 00:00,-1.4113445,-0.8332567,1.6396786,31.142258,1009.1248,465.1499,0.18684047,296.51346,292.36487,77.52379,4.369671,0.000661239,0.005597339
2022,2,54.40669014,53.7754065,28.52175708,73.21428571,45.97973645,33.232357,01-02-2022 00:00,-0.6107928,0.8043188,1.0202696,305.37283,1008.0513,480.88306,0.14587128,297.78427,292.6217,72.98405,5.2804046,0.00011103,0.005691795
2022,3,52.50298954,51.35224386,19.9089031,79.36827957,45.03193401,32.702465,01-03-2022 00:00,1.0578678,2.375513,2.600812,246.17085,1004.89777,408.56348,0.27431822,300.60132,295.38757,73.38019,5.9074087,1.82E-05,0.005809801
2022,4,20.59065041,20.25956662,15.29605479,75.3125,11.32664832,13.8587055,01-04-2022 00:00,2.8314352,4.2494726,5.108752,236.60292,1003.31647,537.12354,0.3088073,302.2781,298.32513,79.374504,6.22124,4.23E-05,0.005955748
2022,5,32.63146644,31.48471616,19.90117371,69.25403226,25.41002023,21.732357,01-05-2022 00:00,1.3029783,2.8312187,3.1168342,245.16888,998.51733,536.02954,0.40129638,302.87933,299.0209,79.856895,5.611951,0.002657903,0.006164431
2022,6,36.21200924,35.9953656,8.148258706,67.43055556,34.41869379,26.768875,01-06-2022 00:00,2.799364,3.6548748,4.6052885,232.71802,997.99866,505.50592,0.801478,302.69223,299.1708,81.42536,5.0380754,0.002966316,0.006140875
2022,7,29.13367236,28.84849732,5.280268714,81.61962366,22.378654,20.037598,01-07-2022 00:00,4.134547,3.0258694,5.1298695,216.87631,996.75323,549.4983,0.8559839,301.33783,298.32147,83.71137,3.7902472,0.006921578,0.006020392
2022,8,29.53400504,28.80513657,7.351362179,82.42607527,25.7727162,21.935131,01-08-2022 00:00,3.02067,2.5504932,3.9577086,220.69017,997.772,524.5654,0.82392055,301.70367,298.45782,82.61621,4.219946,0.004676011,0.006005253
2022,9,29.21936759,28.88392857,16.38083369,77.77777778,25.17134534,21.59892,01-09-2022 00:00,1.6371107,1.4424758,2.183514,221.65225,1000.269,481.92993,0.73328435,301.33365,298.32437,83.747505,3.9965057,0.01057763,0.005925257
2022,10,42.64937759,40.77462028,24.23090508,68.58198925,42.59642058,31.340832,01-10-2022 00:00,-1.723753,-1.2657528,2.1473582,37.802433,1004.6782,461.76587,0.6066933,300.4107,296.55573,79.494385,4.058491,0.007592958,0.005839438
2022,11,70.80929003,70.55676165,29.00397661,76.77083333,58.19892237,40.06379,01-11-2022 00:00,-2.3683128,-1.900878,3.0404696,39.700127,1007.61536,525.09717,0.406393,299.07748,293.83514,72.840866,4.203622,0.000734813,0.005578427
2022,12,79.56833333,78.79124088,23.52729239,69.05241935,70.38834303,46.878582,01-12-2022 00:00,-2.3430166,-1.5031891,2.7849288,33.20884,1008.0888,446.55908,0.45344114,298.0517,294.0742,78.57794,3.8073707,0.001293956,0.005265406
2023,1,89.80985915,88.87223247,16.48794662,72.84946237,78.24802444,51.272728,01-01-2023 00:00,-1.304883,-0.35866565,1.3545563,15.949931,1010.04333,432.22778,0.20797431,296.90414,292.1526,74.73283,4.4586515,0.000456846,0.005392701
2023,2,63.60933211,62.63398007,14.09324197,70.94494048,68.79452629,45.98752,01-02-2023 00:00,0.19306356,1.4711325,1.4839122,262.70383,1008.6066,394.15845,0.16216564,298.61975,293.6902,74.24094,5.277462,1.00E-05,0.00547435
2023,3,52.13930545,51.27824546,16.44441944,75.84005376,41.23879427,30.581818,01-03-2023 00:00,0.75108594,1.8576155,2.0043774,247.63278,1007.2592,415.3152,0.3395441,300.00903,294.55225,72.24577,5.4654865,0.001547282,0.005686096
2023,4,44.53660637,44.30422402,19.77836153,73.15972222,36.57805073,27.976116,01-04-2023 00:00,1.7801905,2.6714354,3.2118711,236.34218,1004.1489,449.35986,0.22259098,302.7041,297.2196,72.702805,6.0275955,0.000479465,0.006011077
2023,5,38.3655252,37.51725644,20.69494427,76.91532258,37.94835514,28.742218,01-05-2023 00:00,1.3844554,2.4585514,2.8221226,240.54065,1001.93036,441.04883,0.5064096,303.15164,299.3638,80.274704,5.5434623,0.001421858,0.006110109
2023,6,42.46900161,42.28500227,18.9091159,76.63194444,43.94330056,32.093838,01-06-2023 00:00,2.36057,2.6487837,3.551912,227.74484,997.38837,452.1045,0.7216185,304.44708,299.40405,74.78137,5.1263866,0.001920156,0.006108749
2023,7,29.13951676,28.92361721,14.35346885,76.54569892,20.59190584,19.038673,01-07-2023 00:00,4.0708094,2.8126135,4.9560204,215.532,996.70825,521.3904,0.88329357,302.0088,298.71454,82.41933,3.8552158,0.008317161,0.005953466
2023,8,39.27294398,38.97621185,12.84924554,74.8655914,34.43109465,26.775808,01-08-2023 00:00,3.4139824,2.5303764,4.2517834,216.39658,999.6554,480.19873,0.8258551,302.53528,298.6378,79.60378,4.4862885,0.001132732,0.005972748
2023,9,37.71553611,37.63007884,14.57990833,57.25694444,35.93368917,27.61587,01-09-2023 00:00,2.5886803,2.3216734,3.479218,222.08276,999.2265,435.57275,0.8568231,301.857,298.91998,84.16594,4.079363,0.006763063,0.005932002
2023,10,63.79178413,63.65256526,17.11929481,74.66397849,69.23769278,46.235283,01-10-2023 00:00,-0.106313825,0.1034472,0.2058856,247.54724,1005.58936,475.9702,0.38242275,301.93576,296.84335,74.01606,4.9940066,0.000443073,0.00587669
2023,11,57.53072917,56.84578601,24.69928618,58.09027778,52.54931566,36.90524,01-11-2023 00:00,-2.8855238,-2.0559015,3.5477114,36.346962,1008.562,555.479,0.66813946,299.94983,295.31433,75.77141,4.0610886,0.001882437,0.00558812
2023,12,75.97287449,75.01962617,21.30612613,71.90860215,82.48515703,53.6416,01-12-2023 00:00,-2.7354336,-1.6020489,3.1733463,31.176182,1009.7782,528.1538,0.45100772,297.3373,292.99756,76.73015,3.7297897,0.003539057,0.005489209
2024,1,89.56411531,88.96724138,17.95969746,58.46774194,,,,-1.6953765,-0.29363352,3.0162077,153.82628,1010.5965,453.32623,0.32272595,297.00192,293.07745,79.31668,7.201682339,0.057409033,0.005409086
2024,2,50.50869349,49.96837945,18.1611557,63.61350575,,,,-0.46050793,1.1642606,3.0143201,201.25662,1010.19244,421.1729,0.30429497,298.74045,294.53323,78.5468,8.780731996,0.030478233,0.005531053
2024,3,40.6926211,40.12487206,16.96877347,65.65860215,,,,1.3422925,2.8436565,3.7216363,235.14967,1007.515,460.52158,0.22658516,300.8629,296.1695,76.549194,9.663352071,0.051770065,0.005750552
2024,4,36.5432967,36.23596059,17.67955508,70.48611111,,,,1.9758279,3.0723681,4.424295,221.99734,1003.31244,411.2232,0.2342561,303.16156,298.0886,75.69465,10.71423291,0.007139235,0.006092597
2024,5,26.57106133,26.03396226,19.55062909,80.14112903,,,,1.4392667,3.1409793,4.1616936,234.55736,999.8388,520.7777,0.5544916,303.71082,299.6075,79.43219,9.509223482,0.20196469,0.006065009
2024,6,30.164327,29.82614874,14.2740419,73.29861111,,,,3.483653,3.6309736,5.3021226,226.20198,997.8365,553.22424,0.75483,303.17688,299.2452,80.00082,8.029811445,0.6111433,0.005993592
2024,7,29.57052046,29.22868742,13.57200165,74.49596774,,,,4.9287663,3.8988402,6.412709,219.27304,995.50195,629.32117,0.9397094,301.5042,298.50684,84.03712,5.953360429,1.392063,0.005913503
2024,8,25.9063214,25.29535684,11.33738686,78.15860215,,,,3.1959865,2.8693798,4.9968834,214.57082,999.50757,527.2484,0.950658,301.9554,298.878,83.71952,6.655907391,0.9423518,0.005888283
2024,9,44.6245012,44.397372,15.58398842,76.63194444,,,,2.574586,1.8475047,3.9519982,195.51929,998.8148,451.52902,0.7951486,301.81744,298.40958,82.22532,7.253067938,1.3875918,0.005947911
2024,10,46.41037553,45.26680942,15.98413156,78.46102151,,,,-0.36783785,0.13274384,2.5656986,165.03189,1003.9116,406.2415,0.56452894,301.69144,298.07672,81.25306,7.746465774,0.4466078,0.005897626
2024,11,67.32687191,66.99731664,13.45596728,77.63888889,,,,-3.1051466,-2.6213648,4.48265,70.28253,1007.275,635.8135,0.42222777,299.53104,294.1424,73.04434,7.321160574,0.17674041,0.005761079
2024,12,60.52188552,60.30587691,11.62510539,72.61424731,,,,-2.8862514,-2.9788542,4.6526356,75.39811,1008.2925,513.2374,0.65475917,297.62906,293.5982,78.859276,5.337921619,0.6833593,0.005509726
